rho,roi
0.1666723369999055,R_p24pr_ROI
0.10019886685719046,R_p24pr_ROI
0.07915867946656308,R_p24pr_ROI
0.09717185642210784,R_p24pr_ROI
0.14084297442690963,R_p24pr_ROI
0.07648185065193686,R_p24pr_ROI
0.07644656141583774,R_p24pr_ROI
0.1250871834573232,R_p24pr_ROI
0.1294191132370153,R_p24pr_ROI
0.1323033427551003,R_p24pr_ROI
0.11181861792536668,R_p24pr_ROI
0.19037347284467557,R_p24pr_ROI
0.1046897634608168,R_p24pr_ROI
0.2006355458859759,R_p24pr_ROI
0.1559842930291958,R_p24pr_ROI
0.15753237161449338,R_p24pr_ROI
0.12168489475450528,R_p24pr_ROI
0.19884004490114227,R_p24pr_ROI
0.12267675798048075,R_p24pr_ROI
0.1753084775594451,R_p24pr_ROI
0.15124639106197005,R_p24pr_ROI
0.15461202494290383,R_p24pr_ROI
0.0629665546922756,R_p24pr_ROI
0.07726999436529049,R_p24pr_ROI
0.17707356991887632,R_p24pr_ROI
0.059533443927485524,R_p24pr_ROI
0.09592574635534325,R_p24pr_ROI
0.16947045367922542,R_p24pr_ROI
0.13131885393006273,R_p24pr_ROI
0.04806367954804964,R_p24pr_ROI
0.1338362077008506,R_p24pr_ROI
0.10035667779727582,R_p24pr_ROI
0.1805266798319216,R_p24pr_ROI
0.15281836887044176,R_p24pr_ROI
0.06342135486371406,R_p24pr_ROI
0.23172215336727153,R_p24pr_ROI
0.09703934640456366,R_p24pr_ROI
0.08561938643672518,R_p24pr_ROI
0.2534960758181028,R_p24pr_ROI
0.14631872454041986,R_p24pr_ROI
0.1799739977612479,R_p24pr_ROI
0.0949192034282844,R_p24pr_ROI
0.20933025710509504,R_p24pr_ROI
0.10754629704222538,R_p24pr_ROI
0.23210923403947334,R_p24pr_ROI
0.14581828277267767,R_p24pr_ROI
0.04474756638695909,R_p24pr_ROI
0.17645149251970288,R_p24pr_ROI
0.22430959870806516,R_p24pr_ROI
0.14548767736804077,R_p24pr_ROI
0.13143879317037094,R_p24pr_ROI
0.03366631967352846,R_p24pr_ROI
0.16458684246610514,R_p24pr_ROI
0.10775791784879002,R_p24pr_ROI
0.16315202373189486,R_p24pr_ROI
0.11508682296403075,R_p24pr_ROI
0.16537063925720524,R_p24pr_ROI
0.18128711013894175,R_p24pr_ROI
0.11645338763056201,R_p24pr_ROI
0.1937233188645688,R_p24pr_ROI
0.1516116390885128,R_p24pr_ROI
0.15384972442627862,R_p24pr_ROI
0.10971799798661944,R_p24pr_ROI
0.09560147113184453,R_p24pr_ROI
0.18530442164966093,R_p24pr_ROI
0.17816525900691685,R_p24pr_ROI
0.15798852934929686,R_p24pr_ROI
0.10889915180382898,R_p24pr_ROI
0.045251693979170164,R_p24pr_ROI
0.12649357626072863,R_p24pr_ROI
0.1256461879442225,R_p24pr_ROI
0.16496744734108257,R_p24pr_ROI
0.12721619941729706,R_p24pr_ROI
0.06577920939174338,R_p24pr_ROI
0.05589483424699414,R_p24pr_ROI
0.1329092913918477,R_p24pr_ROI
0.11407916841341673,R_p24pr_ROI
0.21756528257456464,R_p24pr_ROI
0.1864700735014526,R_p24pr_ROI
0.23440286769312646,R_p24pr_ROI
0.173887578816989,R_p24pr_ROI
0.13662291510541985,R_p24pr_ROI
0.19681490471011476,R_p24pr_ROI
0.19769448454864771,R_p24pr_ROI
0.22212074372372353,R_p24pr_ROI
0.1765781878174914,R_p24pr_ROI
0.16880242348398802,R_p24pr_ROI
0.18250681493636395,R_p24pr_ROI
0.05255711631231497,R_p24pr_ROI
0.19369684466151385,R_p24pr_ROI
0.09787798851649179,R_p24pr_ROI
0.12164270350244849,R_p24pr_ROI
0.17542866841136023,R_p24pr_ROI
0.1435703638787869,R_p24pr_ROI
0.05545694971031759,R_p24pr_ROI
0.13426225683244322,R_p24pr_ROI
0.12433850631365256,R_p24pr_ROI
0.12647629825338289,R_p24pr_ROI
0.20461056959268012,R_p24pr_ROI
0.05699876698936218,R_p24pr_ROI
0.15979731953175452,R_p24pr_ROI
0.11105194674226786,R_p24pr_ROI
0.09944086260431724,R_p24pr_ROI
0.1646709773449943,R_p24pr_ROI
0.1647222435420552,R_p24pr_ROI
0.12309505577455249,R_p24pr_ROI
0.13000873305123722,R_p24pr_ROI
0.18293911002229357,R_p24pr_ROI
0.1529841360053799,R_p24pr_ROI
0.14988751535478823,R_p24pr_ROI
0.19198773046096707,R_p24pr_ROI
0.1729298793241413,R_p24pr_ROI
0.05489843489213178,R_p24pr_ROI
0.13527746896389758,R_p24pr_ROI
0.09467791846257242,R_p24pr_ROI
0.05957980567443132,R_p24pr_ROI
0.1728814044658906,R_p24pr_ROI
0.12716667408064763,R_p24pr_ROI
0.077902818288967,R_p24pr_ROI
0.17280974964821275,R_p24pr_ROI
0.10602775640241412,R_p24pr_ROI
0.13524733855714402,R_p24pr_ROI
0.10544913595750598,R_p24pr_ROI
0.2013509539314446,R_p24pr_ROI
0.1351326377231482,R_p24pr_ROI
0.14210551559615758,R_p24pr_ROI
0.1448278583463876,R_p24pr_ROI
0.22431112673496656,R_p24pr_ROI
0.20791646651639556,R_p24pr_ROI
0.07426930935130191,R_p24pr_ROI
0.040717446755185495,R_p24pr_ROI
0.1972665495319076,R_p24pr_ROI
0.09637798252793958,R_p24pr_ROI
0.18189828709584105,R_p24pr_ROI
0.12547615407915566,R_p24pr_ROI
0.13568037073721886,R_p24pr_ROI
0.2028556316027513,R_p24pr_ROI
0.2158459632145486,R_p24pr_ROI
0.13098156041156642,R_p24pr_ROI
0.0626909752802799,R_p24pr_ROI
0.06278787599741396,R_p24pr_ROI
0.07680851327706009,R_p24pr_ROI
0.0459003463599705,R_p24pr_ROI
0.18984970762459313,R_p24pr_ROI
0.20680518207708326,R_p24pr_ROI
0.23094506425899278,R_p24pr_ROI
0.13270270521094563,R_p24pr_ROI
0.16216770420584342,R_p24pr_ROI
0.1729785319887177,R_p24pr_ROI
0.18844592361496254,R_p24pr_ROI
0.10985410020706637,R_p24pr_ROI
0.15559590159927036,R_p24pr_ROI
0.150640796976146,R_p24pr_ROI
0.10346548439861993,R_p24pr_ROI
0.1100551241835761,R_p24pr_ROI
0.03778731664343946,R_p24pr_ROI
0.13729956413052452,R_p24pr_ROI
0.06371376240036825,R_p24pr_ROI
0.13660194687921054,R_p24pr_ROI
0.17346171018414572,R_p24pr_ROI
0.232430487664543,R_p24pr_ROI
0.154126780939886,R_p24pr_ROI
0.16688768830995618,R_p24pr_ROI
0.22161799211905867,R_p24pr_ROI
0.08162657930756864,R_p24pr_ROI
0.13851344280487965,R_p24pr_ROI
0.12109701587363775,R_p24pr_ROI
0.10217523193716924,R_p24pr_ROI
0.10579713326954168,R_p24pr_ROI
0.11584471194447032,R_p24pr_ROI
0.19665330474480422,R_p24pr_ROI
0.1566724494670358,R_p24pr_ROI
0.09633322164064717,R_p24pr_ROI
0.10529557589243925,R_p24pr_ROI
0.23009405016787768,R_p24pr_ROI
0.09742802036796169,R_p24pr_ROI
0.16807968096465847,R_p24pr_ROI
0.2176113603031528,R_p24pr_ROI
0.14015068573335301,R_p24pr_ROI
0.06761614725300227,R_p24pr_ROI
0.15949514048524666,R_p24pr_ROI
0.183712459352846,R_p24pr_ROI
0.19414355126035907,R_p24pr_ROI
0.1847212149800875,R_p24pr_ROI
0.18668499064631083,R_p24pr_ROI
0.06903445192293314,R_p24pr_ROI
0.0905376286947197,R_p24pr_ROI
0.18320667462374063,R_p24pr_ROI
0.1937602071070917,R_p24pr_ROI
0.06249615619995893,R_p24pr_ROI
0.1267462876031384,R_p24pr_ROI
0.10544569345160609,R_p24pr_ROI
0.23713950913476928,R_p24pr_ROI
0.03785522394758144,R_p24pr_ROI
0.17339182424541474,R_p24pr_ROI
0.20447461717762633,R_p24pr_ROI
0.12987152279226938,R_p24pr_ROI
0.16960888668357632,R_p24pr_ROI
0.13893385956263243,R_p24pr_ROI
0.11203867973378319,R_p24pr_ROI
0.12227209715230455,R_p24pr_ROI
0.22217293258470505,R_p24pr_ROI
0.13504673050322452,R_p24pr_ROI
0.11392153919489587,R_p24pr_ROI
0.08268332341818428,R_p24pr_ROI
0.14205996969099424,R_p24pr_ROI
0.12708121256746213,R_p24pr_ROI
0.2153612376231925,R_p24pr_ROI
0.1348694536412974,R_p24pr_ROI
0.031863912722558674,R_p24pr_ROI
0.11058424866891405,R_p24pr_ROI
0.05203520854567022,R_p24pr_ROI
0.13154500110951603,R_p24pr_ROI
0.08465498067881899,R_p24pr_ROI
0.13741030432994938,R_p24pr_ROI
0.15049076893118707,R_p24pr_ROI
0.15335792683390911,R_p24pr_ROI
0.09718914384350477,R_p24pr_ROI
0.08383317837664084,R_p24pr_ROI
0.07940269788094642,R_p24pr_ROI
0.04556814124613231,R_p24pr_ROI
0.21549124455202023,R_p24pr_ROI
0.07469590397498305,R_p24pr_ROI
0.06513346984195609,R_p24pr_ROI
0.17658089856319387,R_p24pr_ROI
0.12745528254958136,R_p24pr_ROI
0.17531128782814137,R_p24pr_ROI
0.1641027118173004,R_p24pr_ROI
0.08046358917376165,R_p24pr_ROI
0.1811068692017227,R_p24pr_ROI
0.10053579662301033,R_p24pr_ROI
0.11454548391031712,R_p24pr_ROI
0.18244772207885634,R_p24pr_ROI
0.09506804096688014,R_p24pr_ROI
0.0773299227348929,R_p24pr_ROI
0.21330617103023963,R_p24pr_ROI
0.2747311745480429,R_p24pr_ROI
0.2031903893600486,R_p24pr_ROI
0.2512809193993793,R_p24pr_ROI
0.13939231847403882,R_p24pr_ROI
0.1013647847911797,R_p24pr_ROI
0.1621785827337641,R_p24pr_ROI
0.12770238821032626,R_p24pr_ROI
0.10768547259934481,R_p24pr_ROI
0.17898281244548592,R_p24pr_ROI
0.14044409701902466,R_p24pr_ROI
0.1334689573420601,R_p24pr_ROI
0.11255067106338801,R_p24pr_ROI
0.03508848081091312,R_p24pr_ROI
0.10262876256765925,R_p24pr_ROI
0.22310451773582393,R_p24pr_ROI
0.1986474718727034,R_p24pr_ROI
0.1596638540940739,R_p24pr_ROI
0.08344903463841975,R_p24pr_ROI
0.1209133343505746,R_p24pr_ROI
0.16507288536422923,R_p24pr_ROI
0.21700842047513985,R_p24pr_ROI
0.16165539023972725,R_p24pr_ROI
0.12750831908211807,R_p24pr_ROI
0.10986216000349719,R_p24pr_ROI
0.1009859523676346,R_p24pr_ROI
0.0963820349640533,R_p24pr_ROI
0.24172093107493023,R_p24pr_ROI
0.19810377447739236,R_p24pr_ROI
0.2026638341238273,R_p24pr_ROI
0.16179845453653033,R_p24pr_ROI
0.08184015416884236,R_p24pr_ROI
0.08648361249080672,R_p24pr_ROI
0.18789970377143464,R_p24pr_ROI
0.13804242194039548,R_p24pr_ROI
0.28455431836772926,R_p24pr_ROI
0.21235729189254643,R_p24pr_ROI
0.19984928379865896,R_p24pr_ROI
0.2013827849468265,R_p24pr_ROI
0.11318414105445304,R_p24pr_ROI
0.04809856784817714,R_p24pr_ROI
0.19117901333645232,R_p24pr_ROI
0.1283385902574618,R_p24pr_ROI
0.10877504760357828,R_p24pr_ROI
0.18826274017821454,R_p24pr_ROI
0.07874241474995095,R_p24pr_ROI
0.14002999825942897,R_p24pr_ROI
0.15844414316258665,R_p24pr_ROI
0.17259757331874667,R_p24pr_ROI
0.13864288810846492,R_p24pr_ROI
0.13639619698957806,R_p24pr_ROI
0.1436038719359445,R_p24pr_ROI
0.16083999421483552,R_p24pr_ROI
0.09149436971615736,R_p24pr_ROI
0.17877756936435316,R_p24pr_ROI
0.12385750863823974,R_p24pr_ROI
0.11300322131797717,R_p24pr_ROI
0.16419048186676874,R_p24pr_ROI
0.11414011993061676,R_p24pr_ROI
0.13686669441043717,R_p24pr_ROI
0.03952926149147691,R_p24pr_ROI
0.17079947772283804,R_p24pr_ROI
0.09777267714033137,R_p24pr_ROI
0.059097748385798704,R_p24pr_ROI
0.11820567697269752,R_p24pr_ROI
0.13574180428372895,R_p24pr_ROI
0.09748201011714097,R_p24pr_ROI
0.15227733359757162,R_p24pr_ROI
0.24880765779596917,R_p24pr_ROI
0.04848723723467146,R_p24pr_ROI
0.22575583879655242,R_p24pr_ROI
0.14189202789316202,R_p24pr_ROI
0.12177967532688244,R_p24pr_ROI
0.13833480857476185,R_p24pr_ROI
0.2282844016132403,R_p24pr_ROI
0.08482687405209463,R_p24pr_ROI
0.04308255139077266,R_p24pr_ROI
0.13073668175136588,R_p24pr_ROI
0.13580774933516743,R_p24pr_ROI
0.10177942230089573,R_p24pr_ROI
0.20346338146613466,R_p24pr_ROI
0.23005377917646933,R_p24pr_ROI
0.258955441707719,R_p24pr_ROI
0.2501283398205513,R_p24pr_ROI
0.10594333061926517,R_p24pr_ROI
0.17786478052844132,R_p24pr_ROI
0.1815260442236518,R_p24pr_ROI
0.1374862456319155,R_p24pr_ROI
0.14101593208050903,R_p24pr_ROI
0.15795109690457088,R_p24pr_ROI
0.129161824736048,R_p24pr_ROI
0.16705524788823778,R_p24pr_ROI
0.13948019751559387,R_p24pr_ROI
0.08791989534689933,R_p24pr_ROI
0.11356336024870037,R_p24pr_ROI
0.07117130690429957,R_p24pr_ROI
0.16010017407873267,R_p24pr_ROI
0.1054438793641829,R_p24pr_ROI
0.10746068312647584,R_p24pr_ROI
0.07570657459722538,R_p24pr_ROI
0.1371686421434515,R_p24pr_ROI
0.1442651156395353,R_p24pr_ROI
0.04451814061840549,R_p24pr_ROI
0.11409873868441384,R_p24pr_ROI
0.15466618278767924,R_p24pr_ROI
0.16975034271830128,R_p24pr_ROI
0.21810485827556642,R_p24pr_ROI
0.181163836338136,R_p24pr_ROI
0.0980440327967258,R_p24pr_ROI
0.06540792563283714,R_p24pr_ROI
0.16978099656007933,R_p24pr_ROI
0.15471324847828521,R_p24pr_ROI
0.10167504085892612,R_p24pr_ROI
0.07016722691313279,R_p24pr_ROI
0.1399465685250174,R_p24pr_ROI
0.02290774044701002,R_p24pr_ROI
0.09514322933525951,R_p24pr_ROI
0.17807078774188548,R_p24pr_ROI
0.14269180626434266,R_p24pr_ROI
0.14569978892995994,R_p24pr_ROI
0.09495991080470204,R_p24pr_ROI
0.14630175149251196,R_p24pr_ROI
0.14655071143757958,R_p24pr_ROI
0.22323845215188542,R_p24pr_ROI
0.18510155683078203,R_p24pr_ROI
0.13393093039648338,R_p24pr_ROI
0.1783096860407382,R_p24pr_ROI
0.08882573233579731,R_p24pr_ROI
0.11104478666659418,R_p24pr_ROI
0.17988967502892797,R_p24pr_ROI
0.1497579920867956,R_p24pr_ROI
0.21661905865231296,R_p24pr_ROI
0.04672116649397995,R_p24pr_ROI
0.24299276011729828,R_p24pr_ROI
0.1972836089112512,R_p24pr_ROI
0.1299401833613496,R_p24pr_ROI
0.12236871418976483,R_p24pr_ROI
0.1213789420175852,R_p24pr_ROI
0.12777338514097444,R_p24pr_ROI
0.0873563105522232,R_p24pr_ROI
0.17525499383277993,R_p24pr_ROI
0.09805527283881538,R_p24pr_ROI
0.1484853099242668,R_p24pr_ROI
0.23327715764977064,R_p24pr_ROI
0.1258910195370846,R_p24pr_ROI
0.07226938512345718,R_p24pr_ROI
0.23058578064428772,R_p24pr_ROI
0.09807421232477066,R_p24pr_ROI
0.10469351553048506,R_p24pr_ROI
0.17405740967408617,R_p24pr_ROI
0.11325088663938254,R_p24pr_ROI
0.23903961958660194,R_p24pr_ROI
0.08868860033142424,R_p24pr_ROI
0.11148635415938922,R_p24pr_ROI
0.1128718966122376,R_p24pr_ROI
0.09907661470381342,R_p24pr_ROI
0.20360283168890042,R_p24pr_ROI
0.15483349225398851,R_p24pr_ROI
0.13372604963402615,R_p24pr_ROI
0.09295185163187747,R_p24pr_ROI
0.029335785373280236,R_p24pr_ROI
0.16633527320501168,R_p24pr_ROI
0.15967757678321642,R_p24pr_ROI
0.2342041581821131,R_p24pr_ROI
0.18108088321489235,R_p24pr_ROI
0.06725272364006935,R_p24pr_ROI
0.1188164865127872,R_p24pr_ROI
0.14853256430222617,R_p24pr_ROI
0.13157959452036216,R_p24pr_ROI
0.24462423505873981,R_p24pr_ROI
0.14261824507358925,R_p24pr_ROI
0.12136974323409055,R_p24pr_ROI
0.027951615451133095,R_p24pr_ROI
0.18891404915867874,R_p24pr_ROI
0.09987596224327688,R_p24pr_ROI
0.1382947371030193,R_p24pr_ROI
0.1729817188658152,R_p24pr_ROI
0.1758448622250703,R_p24pr_ROI
0.14253853542865508,R_p24pr_ROI
0.1631749397464704,R_p24pr_ROI
0.07138532640512042,R_p24pr_ROI
0.22527058642155423,R_p24pr_ROI
0.14123741159439143,R_p24pr_ROI
0.06747315588602067,R_p24pr_ROI
0.10549101692819114,R_p24pr_ROI
0.23713321615952987,R_p24pr_ROI
0.14340674360723935,R_p24pr_ROI
0.09274373894636206,R_p24pr_ROI
0.14518063127564515,R_p24pr_ROI
0.08017737442581231,R_p24pr_ROI
0.20348847667425146,R_p24pr_ROI
0.08774320826214321,R_p24pr_ROI
0.15133062403024503,R_p24pr_ROI
0.14793308876836483,R_p24pr_ROI
0.10163290400442052,R_p24pr_ROI
0.15106988331282628,R_p24pr_ROI
0.1112445131363256,R_p24pr_ROI
0.11511076056077067,R_p24pr_ROI
0.14401064216730297,R_p24pr_ROI
0.17209907095020066,R_p24pr_ROI
0.10760558558305591,R_p24pr_ROI
0.12023223920022592,R_p24pr_ROI
0.12943527579310732,R_p24pr_ROI
0.1240698516551043,R_p24pr_ROI
0.11747452653604744,R_p24pr_ROI
0.07113297316368901,R_p24pr_ROI
0.07495365268491835,R_p24pr_ROI
0.24234942055867997,R_p24pr_ROI
0.10284108164182583,R_p24pr_ROI
0.18264693185310973,R_p24pr_ROI
0.11104620697466511,R_p24pr_ROI
0.14721410798567058,R_p24pr_ROI
0.06088621027896088,R_p24pr_ROI
0.25418669089512225,R_p24pr_ROI
0.04925429804268498,R_p24pr_ROI
0.2005600777509971,R_p24pr_ROI
0.12020576379577838,R_p24pr_ROI
0.2700917851492029,R_p24pr_ROI
0.27264462696106384,R_p24pr_ROI
0.14369115932877857,R_p24pr_ROI
0.08899550247440166,R_p24pr_ROI
0.07646185722265023,R_p24pr_ROI
0.08247973002593594,R_p24pr_ROI
0.13748914375963184,R_p24pr_ROI
0.20047058089256145,R_p24pr_ROI
0.16102551276639424,R_p24pr_ROI
0.13011458481098317,R_p24pr_ROI
0.0691411611595712,R_p24pr_ROI
0.10460799671245799,R_p24pr_ROI
0.16379404175441128,R_p24pr_ROI
0.13694870808242177,R_p24pr_ROI
0.11357931093471159,R_p24pr_ROI
0.050033881899931465,R_p24pr_ROI
0.1046617580449872,R_p24pr_ROI
0.21014508763317374,R_p24pr_ROI
0.15744054440647307,R_p24pr_ROI
0.13833784311929734,R_p24pr_ROI
0.2187491535677262,R_p24pr_ROI
0.17511199873881617,R_p24pr_ROI
0.11078727772735225,R_p24pr_ROI
0.22554427712913575,R_p24pr_ROI
0.13763693151064654,R_p24pr_ROI
0.10389900502188498,R_p24pr_ROI
0.13510915032430915,R_p24pr_ROI
0.1509566417491864,R_p24pr_ROI
0.21248701696530872,R_p24pr_ROI
0.19715309654217966,R_p24pr_ROI
0.05112837559239874,R_p24pr_ROI
0.13848886207783082,R_p24pr_ROI
0.14836942721198493,R_p24pr_ROI
0.22345425400798696,R_p24pr_ROI
0.17706961531777793,R_p24pr_ROI
0.14007784870975096,R_p24pr_ROI
0.22048994431716326,R_p24pr_ROI
0.14300523008459134,R_p24pr_ROI
0.10587452770086057,R_p24pr_ROI
0.11852008534570312,R_p24pr_ROI
0.13149552774672263,R_p24pr_ROI
0.02356329542856686,R_p24pr_ROI
0.22351690889429457,R_p24pr_ROI
0.18786305631194808,R_p24pr_ROI
0.18095346515105548,R_p24pr_ROI
0.17723899041094168,R_p24pr_ROI
0.1588467087538028,R_p24pr_ROI
0.23909112535086724,R_p24pr_ROI
0.0845482204539347,R_p24pr_ROI
0.1020290240558767,R_p24pr_ROI
0.14233491733820208,R_p24pr_ROI
0.18264937722798383,R_p24pr_ROI
0.10624401813445178,R_p24pr_ROI
0.14733098903993755,R_p24pr_ROI
0.19664313969186423,R_p24pr_ROI
0.18310787638214035,R_p24pr_ROI
0.14941858120766116,R_p24pr_ROI
0.15087766120956797,R_p24pr_ROI
0.09125885031832087,R_p24pr_ROI
0.07588472645432615,R_p24pr_ROI
0.13737951594742892,R_p24pr_ROI
0.14895255148495318,R_p24pr_ROI
0.254500339913192,R_p24pr_ROI
0.08487267696800965,R_p24pr_ROI
0.12110957765358107,R_p24pr_ROI
0.083864173098416,R_p24pr_ROI
0.021647591504821782,R_p24pr_ROI
0.1907016052088243,R_p24pr_ROI
0.1696117176319331,R_p24pr_ROI
0.1696986161355838,R_p24pr_ROI
0.09263509178582983,R_p24pr_ROI
0.15785587872704268,R_p24pr_ROI
0.18045725132696744,R_p24pr_ROI
0.0930719465230277,R_p24pr_ROI
0.0906530402780185,R_p24pr_ROI
0.0821778289798851,R_p24pr_ROI
0.1305455033475989,R_p24pr_ROI
0.1900060789788559,R_p24pr_ROI
0.1681606637831962,R_p24pr_ROI
0.0635316070352076,R_p24pr_ROI
0.06047055443032316,R_p24pr_ROI
0.193458429942856,R_p24pr_ROI
0.17308712177870036,R_p24pr_ROI
0.149547818845273,R_p24pr_ROI
0.14979149369012992,R_p24pr_ROI
0.13960303732932053,R_p24pr_ROI
0.2149250214651128,R_p24pr_ROI
0.13990450164760213,R_p24pr_ROI
0.09333593255140545,R_p24pr_ROI
0.0995137080507599,R_p24pr_ROI
0.1230727400976143,R_p24pr_ROI
0.1388479002097237,R_p24pr_ROI
0.16326695095910015,R_p24pr_ROI
0.21970970470982842,R_p24pr_ROI
0.160974121112418,R_p24pr_ROI
0.13376917406517946,R_p24pr_ROI
0.15943008203081793,R_p24pr_ROI
0.15160008723266608,R_p24pr_ROI
0.15201499230802495,R_p24pr_ROI
0.10410680104038808,R_p24pr_ROI
0.10525466551803818,R_p24pr_ROI
0.20948650916858624,R_p24pr_ROI
0.07084284222495119,R_p24pr_ROI
0.135339427468746,R_p24pr_ROI
0.10794136026207118,R_p24pr_ROI
0.1697156782651873,R_p24pr_ROI
0.06920576781576693,R_p24pr_ROI
0.08886414505713881,R_p24pr_ROI
0.12252064043517225,R_p24pr_ROI
0.1273592972634334,R_p24pr_ROI
0.17932227076845375,R_p24pr_ROI
0.1375653527977926,R_p24pr_ROI
0.16787958733179204,R_p24pr_ROI
0.2112992759722136,R_p24pr_ROI
0.13999022758469115,R_p24pr_ROI
0.01844740086306542,R_p24pr_ROI
0.13025269260112862,R_p24pr_ROI
0.16669905978393057,R_p24pr_ROI
0.11645148760490996,R_p24pr_ROI
0.13244877110710176,R_p24pr_ROI
0.11983713142316611,R_p24pr_ROI
0.15550453913186998,R_p24pr_ROI
0.11740779865595033,R_p24pr_ROI
0.09629478759258663,R_p24pr_ROI
0.2102867171170432,R_p24pr_ROI
0.17722131116125464,R_p24pr_ROI
0.08188596437258125,R_p24pr_ROI
0.1765419899722976,R_p24pr_ROI
0.153366185584682,R_p24pr_ROI
0.06963707586352892,R_p24pr_ROI
0.08411115813252255,R_p24pr_ROI
0.1557418280371311,R_p24pr_ROI
0.09084477343308296,R_p24pr_ROI
0.15866431385524302,R_p24pr_ROI
0.17157564831019786,R_p24pr_ROI
0.1475270725664939,R_p24pr_ROI
0.04276000248388576,R_p24pr_ROI
0.11425251313674928,R_p24pr_ROI
0.18454354808886753,R_p24pr_ROI
0.15465730097433206,R_p24pr_ROI
0.13732444405899474,R_p24pr_ROI
0.2509375027873844,R_p24pr_ROI
0.06011404931089901,R_p24pr_ROI
0.07275726400810084,R_p24pr_ROI
0.19342063910180252,R_p24pr_ROI
0.13554893322676426,R_p24pr_ROI
0.11506509322104747,R_p24pr_ROI
0.16650290984581592,R_p24pr_ROI
0.1426328556044366,R_p24pr_ROI
0.17780540297845332,R_p24pr_ROI
0.19337991821735928,R_p24pr_ROI
0.07312901668630784,R_p24pr_ROI
0.12351009091555397,R_p24pr_ROI
0.07530209987972941,R_p24pr_ROI
0.19158092492554218,R_p24pr_ROI
0.18890013706635075,R_p24pr_ROI
0.07516947493372436,R_p24pr_ROI
0.1316471795737563,R_p24pr_ROI
0.18715724661398117,R_p24pr_ROI
0.1274402837463568,R_p24pr_ROI
0.1484227118051819,R_p24pr_ROI
0.09897776773662804,R_p24pr_ROI
0.2024900759615399,R_p24pr_ROI
0.12562476152847263,R_p24pr_ROI
0.13673478784140308,R_p24pr_ROI
0.10874437551127059,R_p24pr_ROI
0.16737572025552572,R_p24pr_ROI
0.11307861512655813,R_p24pr_ROI
0.1568192194094519,R_p24pr_ROI
0.11112031732410976,R_p24pr_ROI
0.1523825084145838,R_p24pr_ROI
0.19273836361524882,R_p24pr_ROI
0.23231127250153658,R_p24pr_ROI
0.23352667657757437,R_p24pr_ROI
0.13290332492769302,R_p24pr_ROI
0.20487171411702354,R_p24pr_ROI
0.17265661695466922,R_p24pr_ROI
0.16179379141489514,R_p24pr_ROI
0.15980174495783467,R_p24pr_ROI
0.18360389248609418,R_p24pr_ROI
0.18510220595743418,R_p24pr_ROI
0.1609222229927503,R_p24pr_ROI
0.11346630801710728,R_p24pr_ROI
0.11995717989220082,R_p24pr_ROI
0.16344259860909593,R_p24pr_ROI
0.09038621721509002,R_p24pr_ROI
0.032629676801540886,R_p24pr_ROI
0.08663018830697017,R_p24pr_ROI
0.15159283600127793,R_p24pr_ROI
0.19452271306018032,R_p24pr_ROI
0.18771221678927227,R_p24pr_ROI
0.13466290790282615,R_p24pr_ROI
0.10580440637547411,R_p24pr_ROI
0.11923318434188362,R_p24pr_ROI
0.18026083440515472,R_p24pr_ROI
0.23918209239039323,R_p24pr_ROI
0.1715551398408361,R_p24pr_ROI
0.1913381307385626,R_p24pr_ROI
0.040230049302767586,R_p24pr_ROI
0.10490556309607983,R_p24pr_ROI
0.15804704099448447,R_p24pr_ROI
0.1358181935424589,R_p24pr_ROI
0.16409384503659136,R_p24pr_ROI
0.14978921316341376,R_p24pr_ROI
0.12212976300827814,R_p24pr_ROI
0.17354171399052173,R_p24pr_ROI
0.14698867990227626,R_p24pr_ROI
0.1004112758034028,R_p24pr_ROI
0.14044583315633155,R_p24pr_ROI
0.171664136515861,R_p24pr_ROI
0.10122045583741233,R_p24pr_ROI
0.23768442888592176,R_p24pr_ROI
0.06545887056898778,R_p24pr_ROI
0.10093944123942317,R_p24pr_ROI
0.059513623067246155,R_p24pr_ROI
0.1886187379769857,R_p24pr_ROI
0.1476335621575424,R_p24pr_ROI
0.1585663999399629,R_p24pr_ROI
0.1327972862196139,R_p24pr_ROI
0.08098200553740892,R_p24pr_ROI
0.12665931065129124,R_p24pr_ROI
0.16931291617486566,R_p24pr_ROI
0.19027308091946787,R_p24pr_ROI
0.1896558413479988,R_p24pr_ROI
0.06817915163786771,R_p24pr_ROI
0.07211104786449331,R_p24pr_ROI
0.01674064237823881,R_p24pr_ROI
0.14441262656361314,R_p24pr_ROI
0.15299974453030807,R_p24pr_ROI
0.14794267905700922,R_p24pr_ROI
0.19514329753528847,R_p24pr_ROI
0.09497099689688263,R_p24pr_ROI
0.0700366015358202,R_p24pr_ROI
0.11774092245344825,R_p24pr_ROI
0.06036009299517031,R_p24pr_ROI
0.13288290709505404,R_p24pr_ROI
0.16144314944680205,R_p24pr_ROI
0.12338191273066873,R_p24pr_ROI
0.05816712774006403,R_p24pr_ROI
0.13639118913653148,R_p24pr_ROI
0.18680853850267484,R_p24pr_ROI
0.20421820294288623,R_p24pr_ROI
0.13968932870428047,R_p24pr_ROI
0.1817806005053814,R_p24pr_ROI
0.07162576828869593,R_p24pr_ROI
0.21510331647212563,R_p24pr_ROI
0.11167135964716182,R_p24pr_ROI
0.0719080712959439,R_p24pr_ROI
0.10079882028040521,R_p24pr_ROI
0.1663022865093273,R_p24pr_ROI
0.073311252576776,R_p24pr_ROI
0.08818427163262874,R_p24pr_ROI
0.08103614572314956,R_p24pr_ROI
0.2404347222135343,R_p24pr_ROI
0.13668112550317335,R_p24pr_ROI
0.0596360079441252,R_p24pr_ROI
0.11923648010682641,R_p24pr_ROI
0.12191303405563027,R_p24pr_ROI
0.15192024755287553,R_p24pr_ROI
0.12419346557912161,R_p24pr_ROI
0.10306075417259533,R_p24pr_ROI
0.14309220882186804,R_p24pr_ROI
0.07644846908794357,R_p24pr_ROI
0.07642288204101066,R_p24pr_ROI
0.14962793234265084,R_p24pr_ROI
0.04738987982856755,R_p24pr_ROI
0.11423054301529303,R_p24pr_ROI
0.09284390527419882,R_p24pr_ROI
0.09244017590148759,R_p24pr_ROI
0.14353311785489659,R_p24pr_ROI
0.17755911628403825,R_p24pr_ROI
0.10528151304922201,R_p24pr_ROI
0.10509316931337159,R_p24pr_ROI
0.09351224020427795,R_p24pr_ROI
0.12322043621607845,R_p24pr_ROI
0.2317756365704547,R_p24pr_ROI
0.10237788967305492,R_p24pr_ROI
0.10938233236113001,R_p24pr_ROI
0.1434531947749397,R_p24pr_ROI
0.06700647853345147,R_p24pr_ROI
0.08646158406883608,R_p24pr_ROI
0.1425781502421758,R_p24pr_ROI
0.2318030359986004,R_p24pr_ROI
0.1594440309949065,R_p24pr_ROI
0.12480792255341884,R_p24pr_ROI
0.12189741869973,R_p24pr_ROI
0.11047711783355181,R_p24pr_ROI
0.20315436557455713,R_p24pr_ROI
0.12726311075383723,R_p24pr_ROI
0.13873322425196666,R_p24pr_ROI
0.11772202711385178,R_p24pr_ROI
0.18371086598228578,R_p24pr_ROI
0.11793219133630449,R_p24pr_ROI
0.09880741265655751,R_p24pr_ROI
0.21871550886485522,R_p24pr_ROI
0.07520903708754062,R_p24pr_ROI
0.1663455125786721,R_p24pr_ROI
0.13234225639102096,R_p24pr_ROI
0.07963280749590744,R_p24pr_ROI
0.10766903219730656,R_p24pr_ROI
0.13596497762192333,R_p24pr_ROI
0.0859428113882246,R_p24pr_ROI
0.1323807473433824,R_p24pr_ROI
0.11414852651332372,R_p24pr_ROI
0.14616821117139792,R_p24pr_ROI
0.1601145606106297,R_p24pr_ROI
0.14306238857709433,R_p24pr_ROI
0.2642241801789553,R_p24pr_ROI
0.10390786238401796,R_p24pr_ROI
0.1688976061526801,R_p24pr_ROI
0.07643915917251896,R_p24pr_ROI
0.10422305237466543,R_p24pr_ROI
0.10553311654964309,R_p24pr_ROI
0.17093386383440295,R_p24pr_ROI
0.2428701785225698,R_p24pr_ROI
0.20642486105796304,R_p24pr_ROI
0.1867855193322023,R_p24pr_ROI
0.1526019067162646,R_p24pr_ROI
0.04896253088327141,R_p24pr_ROI
0.13306865628668135,R_p24pr_ROI
0.1361035786922254,R_p24pr_ROI
0.10290997910116316,R_p24pr_ROI
0.14135505622242342,R_p24pr_ROI
0.1346982860604733,R_p24pr_ROI
0.09390373690547482,R_p24pr_ROI
0.10469357914643136,R_p24pr_ROI
0.10985317876448807,R_p24pr_ROI
0.05388601701233567,R_p24pr_ROI
0.055501104032018925,R_p24pr_ROI
0.09341156850205806,R_p24pr_ROI
0.21585230344851802,R_p24pr_ROI
0.19251757437689573,R_p24pr_ROI
0.10390647865747603,R_p24pr_ROI
0.039397494154183935,R_p24pr_ROI
0.13297335444388522,R_p24pr_ROI
0.0950347726617958,R_p24pr_ROI
0.19169337081576732,R_p24pr_ROI
0.1417780825556017,R_p24pr_ROI
0.14411708675907223,R_p24pr_ROI
0.09935963067044858,R_p24pr_ROI
0.12668745615465787,R_p24pr_ROI
0.16630853144070176,R_p24pr_ROI
0.15118651004306638,R_p24pr_ROI
0.15287731734291785,R_p24pr_ROI
0.22010411664745685,R_p24pr_ROI
0.13101733527869722,R_p24pr_ROI
0.1714242208803087,R_p24pr_ROI
0.14842315922684451,R_p24pr_ROI
0.09679317049228897,R_p24pr_ROI
0.050925477434714594,R_p24pr_ROI
0.21176748602774026,R_p24pr_ROI
0.1524886632140119,R_p24pr_ROI
0.045479885752058455,R_p24pr_ROI
0.1405425031156982,R_p24pr_ROI
0.13462038794766581,R_p24pr_ROI
0.05458454683708432,R_p24pr_ROI
0.12929323303541163,R_p24pr_ROI
0.019680127731849725,R_p24pr_ROI
0.12730658001675954,R_p24pr_ROI
0.15421107826128472,R_p24pr_ROI
0.1769282075845351,R_p24pr_ROI
0.13587622037462213,R_p24pr_ROI
0.21151100218079955,R_p24pr_ROI
0.2441709689003288,R_p24pr_ROI
0.10140231288840984,R_p24pr_ROI
0.10644656712364348,R_p24pr_ROI
0.11612442300694487,R_p24pr_ROI
0.10061647948340163,R_p24pr_ROI
0.12973138559894715,R_p24pr_ROI
0.18829094785427528,R_p24pr_ROI
0.05107268417972866,R_p24pr_ROI
0.16893632775093945,R_p24pr_ROI
0.2130554044983707,R_p24pr_ROI
0.17509045742321874,R_p24pr_ROI
0.1313787854556873,R_p24pr_ROI
0.15585206153621803,R_p24pr_ROI
0.2053083441155721,R_p24pr_ROI
0.10991473962289598,R_p24pr_ROI
0.1396359288542559,R_p24pr_ROI
0.15929492621795527,R_p24pr_ROI
0.16929134593174275,R_p24pr_ROI
0.09560982030073603,R_p24pr_ROI
0.23917870955167292,R_p24pr_ROI
0.12941043908077865,R_p24pr_ROI
0.12395808472616716,R_p24pr_ROI
0.043039677431355554,R_p24pr_ROI
0.14627712009212973,R_p24pr_ROI
0.12698876089162253,R_p24pr_ROI
0.22202727866623206,R_p24pr_ROI
0.1628939544464431,R_p24pr_ROI
0.12663835120597172,R_p24pr_ROI
0.17270529826119116,R_p24pr_ROI
0.20475378193081353,R_p24pr_ROI
0.15769431100211387,R_p24pr_ROI
0.14828883076319604,R_p24pr_ROI
0.12355735360173384,R_p24pr_ROI
0.14322017017012606,R_p24pr_ROI
0.17025459887746347,R_p24pr_ROI
0.15592288852863972,R_p24pr_ROI
0.10579325830727114,R_p24pr_ROI
0.12398628579230567,R_p24pr_ROI
0.13472061418256132,R_p24pr_ROI
0.17442845054476075,R_p24pr_ROI
0.13433863377950034,R_p24pr_ROI
0.13005201755753074,R_p24pr_ROI
0.24517665239390435,R_p24pr_ROI
0.09253325421547504,R_p24pr_ROI
0.2827067419597737,R_p24pr_ROI
0.14319230381704043,R_p24pr_ROI
0.1060946712411032,R_p24pr_ROI
0.1350521612749292,R_p24pr_ROI
0.0615723887414739,R_p24pr_ROI
0.19392157822143868,R_p24pr_ROI
0.11670348468501175,R_p24pr_ROI
0.1940251117227119,R_p24pr_ROI
0.14539721563849312,R_p24pr_ROI
0.1758378748869257,R_p24pr_ROI
0.16969612309004775,R_p24pr_ROI
0.24739594983280605,R_p24pr_ROI
0.1522114266815196,R_p24pr_ROI
0.08380313282669724,R_p24pr_ROI
0.13641293422045223,R_p24pr_ROI
0.03430984513632358,R_p24pr_ROI
0.10400674769035173,R_p24pr_ROI
0.14582019305179234,R_p24pr_ROI
0.10065775759871842,R_p24pr_ROI
0.1461692175853163,R_p24pr_ROI
0.0529282719558407,R_p24pr_ROI
0.23009472280359416,R_p24pr_ROI
0.09870675467920594,R_p24pr_ROI
0.2609862645749235,R_p24pr_ROI
0.08158684647200257,R_p24pr_ROI
0.18611535642274585,R_p24pr_ROI
0.1515797215161705,R_p24pr_ROI
0.07613286722068081,R_p24pr_ROI
0.1522384848258419,R_p24pr_ROI
0.13946231840084955,R_p24pr_ROI
0.060748044009409294,R_p24pr_ROI
0.13383769980849788,R_p24pr_ROI
0.11797755123583384,R_p24pr_ROI
0.10639581191445835,R_p24pr_ROI
0.12166005604014346,R_p24pr_ROI
0.12833665027299726,R_p24pr_ROI
0.060028789953164616,R_p24pr_ROI
0.16096692794431589,R_p24pr_ROI
0.12036121531429018,R_p24pr_ROI
0.20246639835832625,R_p24pr_ROI
0.15520506871240522,R_p24pr_ROI
0.21838573313470674,R_p24pr_ROI
0.19635898017349754,R_p24pr_ROI
0.09503493062469417,R_p24pr_ROI
0.10278090375125495,R_p24pr_ROI
0.13374426173959503,R_p24pr_ROI
0.18458684225759625,R_p24pr_ROI
0.14115479270691253,R_p24pr_ROI
0.09754185202984142,R_p24pr_ROI
0.15917776617600304,R_p24pr_ROI
0.10641229532473923,R_p24pr_ROI
0.13908062813036573,R_p24pr_ROI
0.15631952538366894,R_p24pr_ROI
0.1915151975563557,R_p24pr_ROI
0.14182170390894477,R_p24pr_ROI
0.09498390886150546,R_p24pr_ROI
0.14039473912379263,R_p24pr_ROI
0.11067572927083473,R_p24pr_ROI
0.2264123626327939,R_p24pr_ROI
0.19551216011724348,R_p24pr_ROI
0.12240422268774985,R_p24pr_ROI
0.05753674951868837,R_p24pr_ROI
0.13059795002401467,R_p24pr_ROI
0.18734099952566405,R_p24pr_ROI
0.05007676321295665,R_p24pr_ROI
0.17129827753395563,R_p24pr_ROI
0.2610317742095202,R_p24pr_ROI
0.14598913614687017,R_p24pr_ROI
0.16224076531864462,R_p24pr_ROI
0.1773566630477728,R_p24pr_ROI
0.20285843847279636,R_p24pr_ROI
0.1110182621820394,R_p24pr_ROI
0.16822326612151867,R_p24pr_ROI
0.16277064699028965,R_p24pr_ROI
0.12340223076397215,R_p24pr_ROI
0.11812416579063409,R_p24pr_ROI
0.11977916255404128,R_p24pr_ROI
0.12657255106422663,R_p24pr_ROI
0.14188370662206745,R_p24pr_ROI
0.1983680193230259,R_p24pr_ROI
0.061899266190292665,R_p24pr_ROI
0.151303366751364,R_p24pr_ROI
0.14274872939161692,R_p24pr_ROI
0.10449467074029015,R_p24pr_ROI
0.08236319678102301,R_p24pr_ROI
0.12422734728002709,R_p24pr_ROI
0.06903488355177903,R_p24pr_ROI
0.10971406140511832,R_p24pr_ROI
0.06703870249197819,R_p24pr_ROI
0.09339582717740845,R_p24pr_ROI
0.18047553419298284,R_p24pr_ROI
0.2196292505495697,R_p24pr_ROI
0.1410784201161841,R_p24pr_ROI
0.12939317571422562,R_p24pr_ROI
0.12221194673555837,R_p24pr_ROI
0.2408111484146136,R_p24pr_ROI
0.13804866548691713,R_p24pr_ROI
0.2105397120591339,R_p24pr_ROI
0.1906797259784948,R_p24pr_ROI
0.09029358045742623,R_p24pr_ROI
0.06535531654691848,R_p24pr_ROI
0.12813192291747794,R_p24pr_ROI
0.11521942822360608,R_p24pr_ROI
0.16049343493779078,R_p24pr_ROI
0.16950336168603897,R_p24pr_ROI
0.1983545655967191,R_p24pr_ROI
0.08884964350363526,R_p24pr_ROI
0.16388885173111872,R_p24pr_ROI
0.1570112204729031,R_p24pr_ROI
0.14759590915530463,R_p24pr_ROI
0.15267695075258242,R_p24pr_ROI
0.08566078815137439,R_p24pr_ROI
0.14707741024133925,R_p24pr_ROI
0.09565465475224008,R_p24pr_ROI
0.1624252716561968,R_p24pr_ROI
0.06588811076534964,R_p24pr_ROI
0.08989059144681331,R_p24pr_ROI
0.13268201727483192,R_p24pr_ROI
0.11489142876739585,R_p24pr_ROI
0.23516495396933612,R_p24pr_ROI
0.08276551570174956,R_p24pr_ROI
0.15865129156493016,R_p24pr_ROI
0.18057785232108442,R_p24pr_ROI
0.09473588748989005,R_p24pr_ROI
0.17915516649012608,R_p24pr_ROI
0.07168369127006646,R_p24pr_ROI
0.15381140007074193,R_p24pr_ROI
0.18671677020476077,R_p24pr_ROI
0.1441497936449887,R_p24pr_ROI
0.06397468767717587,R_p24pr_ROI
0.15601113860587254,R_p24pr_ROI
0.18482611320126152,R_p24pr_ROI
0.1937099448955976,R_p24pr_ROI
0.0667067263713759,R_p24pr_ROI
0.18657251400611893,R_p24pr_ROI
0.10093210818516733,R_p24pr_ROI
0.11598253676529885,R_p24pr_ROI
0.07914483851004334,R_p24pr_ROI
0.1819659698915594,R_p24pr_ROI
0.06857836310865292,R_p24pr_ROI
0.1552084834710504,R_p24pr_ROI
