ID,LST_num,condition,puzzles,solutions
0,,Ternary,0300340102454032,3
1,,Ternary,5104100020300003,3
2,,Ternary,1403015200003040,3
3,,Ternary,1024401524300002,3
4,,Ternary,0102030425034000,4
5,,Ternary,0030040015004300,2
6,,Ternary,0020240302454002,1
7,,Ternary,4010352000000104,4
8,,Ternary,4000530000001040,2
9,,Ternary,4312300502402134,1
10,,Ternary,0001000420000035,2
11,,Ternary,0100401530001002,3
12,,Ternary,5041231400000123,3
13,,Ternary,2000010005344020,2
14,,Ternary,2134120054010312,3
15,,Ternary,1302000000030521,4
16,,Ternary,0423501200043200,4
17,,Ternary,5030000020004000,1
18,,Ternary,4000230000005010,3
19,,Ternary,4000000450103100,2
20,,Ternary,0000042501431034,1
21,,Ternary,1003003200153000,4
22,,Ternary,4301204002541430,1
23,,Ternary,4020000000001350,4
24,,Ternary,1500230400300201,4
25,,Ternary,2001320005030402,1
26,,Ternary,0100000403401053,2
27,,Ternary,4503200002010030,1
28,,Ternary,3025000400021000,1
29,,Ternary,0000004030001053,2
30,,Ternary,0001054223041023,1
31,,Ternary,5010300000002000,4
32,,Ternary,0000021020454001,3
33,,Ternary,5102200040300000,3
34,,Ternary,0503023040010400,1
35,,Ternary,1403050203043001,1
36,,Ternary,5401200000004000,3
37,,Ternary,4205000000000003,1
38,,Ternary,2003024500000102,1
39,,Ternary,2450000200044010,3
40,,Ternary,1043040003004502,1
41,,Ternary,1023300123104150,3
42,,Ternary,0001004020050003,4
43,,Ternary,3002104520340000,3
44,,Ternary,0503240002041000,1
45,,Ternary,1020000000303150,4
46,,Ternary,1000000023400514,2
47,,Ternary,3000124005344002,1
48,,Ternary,3001031220541003,3
49,,Ternary,3000510020000000,4
50,,Ternary,3120000020310543,2
51,,Ternary,0000400021005003,1
52,,Ternary,1020415020030201,3
53,,Ternary,3000120050400010,2
54,,Ternary,1000003220003015,4
55,,Ternary,0004542030014000,1
56,,Ternary,0001000030050302,4
57,,Ternary,0451030040300200,2
58,,Ternary,0104024050214312,3
59,,Ternary,1025400020033001,4
60,,Ternary,4000541030000004,2
61,,Ternary,3501000000000200,4
62,,Ternary,1003521000004002,3
63,,Ternary,0021130020050213,4
64,,Ternary,0000042500430000,1
65,,Ternary,0352000000403100,1
66,,Ternary,2341020440321450,2
67,,Ternary,1000420500400001,3
68,,Ternary,5001400030000002,2
69,,Ternary,0403025120004132,4
70,,Ternary,0000020015004300,4
71,,Ternary,0002240310250000,4
72,,Ternary,0001000003253000,4
73,,Ternary,0300023420030415,2
74,,Ternary,0130002005414302,2
75,,Ternary,0003153034100000,2
76,,Ternary,1023010220044530,2
77,,Ternary,0300502100004130,3
78,,Ternary,1500000003004200,4
79,,Ternary,3051000443000020,4
80,,Ternary,5003020023044032,1
81,,Ternary,4210100020300054,2
82,,Ternary,3040001501021003,4
83,,Ternary,1400500200003000,4
84,,Ternary,0002020003053421,4
85,,Ternary,0402000000003105,4
86,,Ternary,1300020401032005,1
87,,Ternary,1000034500040102,1
88,,Ternary,1000020000005024,3
89,,Ternary,3024000004500013,3
90,,Ternary,0521030002000004,4
91,,Ternary,2031420353000024,1
92,,Ternary,1400000052003100,4
93,,Ternary,1320523021400000,4
94,,Ternary,4010045300300000,2
95,,Ternary,3420031041021053,4
96,,Ternary,4300140521430014,2
97,,Ternary,4132030404211053,4
98,,Ternary,4305300102002134,2
99,,Ternary,1003401500000000,2
100,,Ternary,0000230530001004,1
101,,Ternary,3001031440350420,2
102,,Ternary,0100130025000004,4
103,,Ternary,5301001010304000,2
104,,Ternary,3001201040350020,2
105,,Ternary,5041002323044132,3
106,,Ternary,0052003000014013,4
107,,Ternary,3520104024014203,1
108,,Ternary,0000040003201504,2
109,,Ternary,1324023120000452,1
110,,Ternary,0102035400133041,2
111,,Ternary,4000000020005010,3
112,,Ternary,0020103020450213,1
113,,Ternary,4000000050031000,2
114,,Ternary,0020100503040002,3
115,,Ternary,0003231041050000,2
116,,Ternary,3102031400350000,1
117,,Ternary,1403503220040000,4
118,,Ternary,4500030000000102,2
119,,Ternary,1000003052003000,4
120,,Ternary,0203401500000000,2
121,,Ternary,1020050324300100,2
122,,Ternary,0001300520040040,2
123,,Ternary,5300103021000010,4
124,,Ternary,0000502030404310,1
125,,Ternary,1243401501303020,2
126,,Ternary,0003000420050040,1
127,,Ternary,4001541002432130,3
128,,Ternary,0103003020450010,1
129,,Ternary,0403053200002001,1
130,,Ternary,0431510210004213,3
131,,Ternary,0010325020000403,4
132,,Ternary,3400050221344000,3
133,,Ternary,3102100450210413,4
134,,Ternary,0010003402000453,2
135,,Ternary,5003002023044030,1
136,,Ternary,1020200350400000,3
137,,Ternary,5340000402002003,1
138,,Ternary,4302502110030130,3
139,,Ternary,0001042521044000,3
140,,Ternary,3540031041001000,2
141,,Ternary,0020230000301050,4
142,,Ternary,0124400020015043,1
143,,Ternary,1200340000040510,3
144,,Ternary,0000001000004053,2
145,,Ternary,0100502030004302,1
146,,Ternary,0001103050430200,2
147,,Ternary,0451104000344000,2
148,,Ternary,0000400324305100,3
149,,Ternary,1000003020005040,3
150,,Ternary,1000320000005004,2
151,,Ternary,3140125004000020,3
152,,Ternary,0001000000400352,1
153,,Ternary,0351203002400000,2
154,,Ternary,5102300000000000,4
155,,Ternary,0302250100000004,4
156,,Ternary,5103400034010000,2
157,,Ternary,0400015220043040,3
158,,Ternary,4012023000002050,4
159,,Ternary,4501030000000100,2
160,,Ternary,1503203403100421,2
161,,Ternary,0030025023401000,1
162,,Ternary,5003143000004300,2
163,,Ternary,2100031034201053,4
164,,Ternary,0403053200103201,1
165,,Ternary,3000245040300024,1
166,,Ternary,3000200050400000,1
167,,Ternary,0001031520340400,2
168,,Ternary,1500000023004210,4
169,,Ternary,3002120400014503,1
170,,Ternary,0003205000404030,1
171,,Ternary,1000520030020010,4
172,,Ternary,3250001200300403,4
173,,Ternary,1400205400300241,1
174,,Ternary,0001100021054013,4
175,,Ternary,4000040003002504,1
176,,Ternary,1043210040153021,2
177,,Ternary,5120000004304000,3
178,,Ternary,2050100000300040,1
179,,Ternary,0301001021400452,3
180,,Ternary,0021530021044013,1
181,,Ternary,0000205100400004,3
182,,Ternary,0120040000003504,2
183,,Ternary,0000300020005040,1
184,,Ternary,1003300453400030,2
185,,Ternary,3042000420000015,3
186,,Ternary,0304501221004000,3
187,,Ternary,0340200400103050,2
188,,Ternary,1000503440000420,2
189,,Ternary,5001300400024003,2
190,,Ternary,0001004500003002,3
191,,Ternary,1500020000000410,3
192,,Ternary,0254000020000010,3
193,,Ternary,5400100200003010,2
194,,Ternary,4301020320050400,4
195,,Ternary,0030240000201050,4
196,,Ternary,0003203440000251,4
197,,Ternary,0000003003002510,4
198,,Ternary,1000400500030002,1
199,,Ternary,3001510440000023,2
200,,Ternary,0000000032052034,1
201,,Ternary,1000402050030000,2
202,,Ternary,2003304150240102,1
203,,Ternary,5003243010400210,4
204,,Ternary,4301200002035410,3
205,,Ternary,0001040501000003,2
206,,Ternary,2340021445201002,1
207,,Ternary,3021000201304053,1
208,,Ternary,0001004500000103,2
209,,Ternary,5300100021000000,4
210,,Ternary,0320013400021053,4
211,,Ternary,3400501040300000,2
212,,Ternary,4321000020400514,2
213,,Ternary,0000300050201000,4
214,,Ternary,0000401500020100,3
215,,Ternary,1002241001245230,4
216,,Ternary,0003040021050310,4
217,,Ternary,0051102023044030,4
218,,Ternary,1300000101450003,2
219,,Ternary,1240503040000000,2
220,,Ternary,0000000003000524,1
221,,Ternary,3000500120000403,4
222,,Ternary,0100400024305003,1
223,,Ternary,0451120043003024,3
224,,Ternary,0000100021304503,2
225,,Ternary,5400100002003000,2
226,,Ternary,3000500420400000,1
227,,Ternary,1403304223040251,3
228,,Ternary,1250200440300020,4
229,,Ternary,1300013040000520,4
230,,Ternary,5031300000004000,2
231,,Ternary,0000103020400254,1
232,,Ternary,1250041000344000,4
233,,Ternary,0103000402050000,1
234,,Ternary,4300520030020003,1
235,,Ternary,3400200050100000,4
236,,Ternary,0002104500313100,3
237,,Ternary,5300200042000004,1
238,,Ternary,4503243002001000,1
239,,Ternary,4000502000431200,3
240,,Ternary,1420310203154201,4
241,,Ternary,1320403521403002,1
242,,Ternary,0000120500040010,3
243,,Ternary,0025001021434001,4
244,,Ternary,5004100000203000,2
245,,Ternary,3021430521341200,2
246,,Ternary,5030000010004000,2
247,,Ternary,1500300003000200,4
248,,Ternary,0000000420154000,3
249,,Ternary,3020105303044002,4
250,,Ternary,0003400500003002,1
251,,Ternary,0001230041500423,3
252,,Ternary,3501400020430230,4
253,,Ternary,0030004000000052,1
254,,Ternary,1302300000005400,2
255,,Ternary,2510300003040002,4
256,,Ternary,0301300050402000,1
257,,Ternary,0010000000244050,3
258,,Ternary,1300000020350004,1
259,,Ternary,2000400050030000,1
260,,Ternary,0051000000400030,2
261,,Ternary,0002150423000000,2
262,,Ternary,1320020101530402,4
263,,Ternary,1320020001450402,3
264,,Ternary,1300241301254031,4
265,,Ternary,0103043030012510,3
266,,Ternary,0000000220044015,3
267,,Ternary,4312000410203005,1
268,,Ternary,3051210403420213,2
269,,Ternary,5400100020000000,3
270,,Ternary,1000000040315002,3
271,,Ternary,0000100420050021,3
272,,Ternary,0000040000002510,3
273,,Ternary,5310000020040003,4
274,,Ternary,4005001301020030,1
275,,Ternary,3050001401020420,4
276,,Ternary,1504000023003400,2
277,,Ternary,5001000020044000,3
278,,Ternary,0010000300003052,4
279,,Ternary,0403050223100001,1
280,,Ternary,4003041523401030,2
281,,Ternary,1000000050403002,2
282,,Ternary,3002001040501020,3
283,,Ternary,0300103401002500,4
284,,Ternary,1540000403020000,2
285,,Ternary,5001200030100200,4
286,,Ternary,5002100030000010,4
287,,Ternary,1300015400030021,3
288,,Ternary,0000025430014010,3
289,,Ternary,2400000243050000,1
290,,Ternary,0401501321341000,4
291,,Ternary,1054002134000000,3
292,,Ternary,1003400050300040,2
293,,Ternary,0100000024015043,1
294,,Ternary,5401024020344012,3
295,,Ternary,1302520400200000,3
296,,Ternary,1000540021430030,3
297,,Ternary,0300002150432000,1
298,,Ternary,0100020005041020,3
299,,Ternary,0020200002400150,3
300,,Ternary,3001001021000253,4
301,,Ternary,4502030000201000,1
302,,Ternary,4350300000002410,2
303,,Ternary,3400510020000200,4
304,,Ternary,3020510440020000,2
305,,Ternary,2000524000001403,3
306,,Ternary,0000100050203002,4
307,,Ternary,0002100500043000,3
308,,Ternary,0003103200154000,4
309,,Ternary,4020000020401250,3
310,,Ternary,0512040021400030,3
311,,Ternary,0124001025011342,4
312,,Ternary,1003041521344020,2
313,,Ternary,4320014002041035,2
314,,Ternary,0000001400520040,3
315,,Ternary,0040230000321050,2
316,,Ternary,5043100000000000,2
317,,Ternary,2143020440001052,3
318,,Ternary,0423305223144000,4
319,,Ternary,0003100500003002,4
320,,Ternary,2000500430100100,1
321,,Ternary,0000310003042510,4
322,,Ternary,1020001030004050,3
323,,Ternary,4020324123001502,4
324,,Ternary,2100000450214312,3
325,,Ternary,0031030405420413,1
326,,Ternary,0104002035400302,2
327,,Ternary,0300014000340502,4
328,,Ternary,4025000020001003,1
329,,Ternary,5020400201341000,3
330,,Ternary,1000200000005040,3
331,,Ternary,3140201500311003,4
332,,Ternary,3105000400000003,2
333,,Ternary,0030205004010043,1
334,,Ternary,2000541000201004,3
335,,Ternary,1002000400003005,1
336,,Ternary,0100245000044010,3
337,,Ternary,0051123401430000,2
338,,Ternary,4300000420005410,3
339,,Ternary,0002000041050000,3
340,,Ternary,4002103001453000,3
341,,Ternary,3001501220000420,4
342,,Ternary,0104120534004012,3
343,,Ternary,2300000201050014,3
344,,Ternary,0000401500023000,3
345,,Ternary,1030540221430000,3
346,,Ternary,0300050400004103,2
347,,Ternary,4051002000000000,3
348,,Ternary,0300200040005010,3
349,,Ternary,3000031440300450,2
350,,Ternary,5130000300004010,2
351,,Ternary,1020301023014150,3
352,,Ternary,1023400523103201,2
353,,Ternary,2000020051044010,3
354,,Ternary,0310000000000452,3
355,,Ternary,0040000030540413,2
356,,Ternary,1520000003044030,4
357,,Ternary,4503040021041042,2
358,,Ternary,0010030000003054,2
359,,Ternary,0000245000301000,1
360,,Ternary,5003000223004000,1
361,,Ternary,5003200000404002,1
362,,Ternary,1002200001003504,2
363,,Ternary,1045000400020400,3
364,,Ternary,0003304220140251,3
365,,Ternary,0100130020004510,2
366,,Ternary,1243050403000000,1
367,,Ternary,4001000420050000,3
368,,Ternary,5104000330201002,2
369,,Ternary,0052201040310000,4
370,,Ternary,2000400050340000,1
371,,Ternary,4301025300300410,4
372,,Ternary,0400000023050001,4
373,,Ternary,0200350400001000,1
374,,Ternary,0020000052103100,4
375,,Ternary,1400200052300000,4
376,,Ternary,0201031450421003,3
377,,Ternary,0000100003004502,1
378,,Ternary,5300000040201002,2
379,,Ternary,3000000350420104,1
380,,Ternary,5004200001003000,1
381,,Ternary,4000512020410030,3
382,,Ternary,0020400200301050,4
383,,Ternary,0135000400000040,2
384,,Ternary,3041231440250400,3
385,,Ternary,5130400000000002,2
386,,Ternary,4000000253100000,2
387,,Ternary,0301320020405402,1
388,,Ternary,5302040010000000,4
389,,Ternary,2350000000204010,4
390,,Ternary,1000400050340000,2
391,,Ternary,1300403000402050,1
392,,Ternary,5100020030014012,2
393,,Ternary,2000320500040000,1
394,,Ternary,4103203030100052,4
395,,Ternary,3001510400000020,2
396,,Ternary,2341020441301053,2
397,,Ternary,5001042020044000,3
398,,Ternary,0100400002003500,4
399,,Ternary,0403350042000000,1
400,,Ternary,0041000440350400,2
401,,Ternary,3201040320144052,3
402,,Ternary,5340120000030402,2
403,,Ternary,2034024000000052,1
404,,Ternary,2501000040000300,4
405,,Ternary,0351000300420004,2
406,,Ternary,0040123043000052,1
407,,Ternary,5020310000044000,1
408,,Ternary,4000100053100000,2
409,,Ternary,4000140500000002,3
410,,Ternary,1000503400003401,2
411,,Ternary,0030000120454002,3
412,,Ternary,0000000140050003,2
413,,Ternary,3054000300201002,1
414,,Ternary,1000205302400000,1
415,,Ternary,1503020001040010,4
416,,Ternary,0000000000201350,4
417,,Ternary,2035000400000310,1
418,,Ternary,1003003043050012,1
419,,Ternary,4000200000005100,3
420,,Ternary,3041031041051423,2
421,,Ternary,0000250301001000,4
422,,Ternary,2000401501040002,3
423,,Ternary,0320004020010053,1
424,,Ternary,0000100050204300,3
425,,Ternary,0000300050021030,4
426,,Ternary,0501024020340400,3
427,,Ternary,4020000003401054,3
428,,Ternary,3001000350420130,1
429,,Ternary,2501000034001000,3
430,,Ternary,4000200051000004,3
431,,Ternary,0020020025040310,1
432,,Ternary,1025031221343040,3
433,,Ternary,0312542010032030,3
434,,Ternary,0000103530000002,4
435,,Ternary,4300002501030034,1
436,,Ternary,1000000201354000,4
437,,Ternary,0001340000432035,4
438,,Ternary,0054000000204010,3
439,,Ternary,4030020023050001,4
440,,Ternary,4300305100000043,2
441,,Ternary,0000040025004310,1
442,,Ternary,4000140223050014,1
443,,Ternary,2143023130000504,3
444,,Ternary,4053000130201432,1
445,,Ternary,0042201000303105,4
446,,Ternary,0000002010004053,1
447,,Ternary,2001010050304000,1
448,,Ternary,2003301040251402,1
449,,Ternary,0523040020001000,1
450,,Ternary,3020021000000450,3
451,,Ternary,0341001400520000,3
452,,Ternary,5021030001304003,3
453,,Ternary,0002501423000423,3
454,,Ternary,3001005401300423,1
455,,Ternary,0003520423001030,3
456,,Ternary,0203100520000042,4
457,,Ternary,4302520100000420,3
458,,Ternary,0302304105202134,4
459,,Ternary,5300200010000000,4
460,,Ternary,4102204000105003,1
461,,Ternary,0004052021004302,4
462,,Ternary,0002000000003015,4
463,,Ternary,1000503230000000,4
464,,Ternary,0352000420000010,4
465,,Ternary,3051104020044210,2
466,,Ternary,3002201442501020,3
467,,Ternary,1403013020540000,1
468,,Ternary,0100104025300000,4
469,,Ternary,3000500421400002,1
470,,Ternary,0003103520400004,2
471,,Ternary,4302542000031004,3
472,,Ternary,3502001000001400,1
473,,Ternary,0103020440250000,1
474,,Ternary,0523000020410130,4
475,,Ternary,1300523021430410,4
476,,Ternary,0020540020341000,3
477,,Ternary,2300000001540032,2
478,,Ternary,3020000050420000,1
479,,Ternary,3000015400001023,3
480,,Ternary,5420000020043200,1
481,,Ternary,4010000030501023,4
482,,Ternary,0413304005240132,3
483,,Ternary,4012010500343400,3
484,,Ternary,4003230005240432,1
485,,Ternary,1203050430000100,3
486,,Ternary,1300241300450002,1
487,,Ternary,4320304000001050,3
488,,Ternary,0300002021405034,1
489,,Ternary,1050002101400004,3
490,,Ternary,0000001030501020,4
491,,Ternary,0340000401031005,2
492,,Ternary,5010300000004000,2
493,,Ternary,3000035441321023,1
494,,Ternary,3124400020000542,3
495,,Ternary,0000100501430004,2
496,,Ternary,1003501420000000,3
497,,Ternary,0400204050340100,1
498,,Ternary,0403203453103001,4
499,,Ternary,1000001200003105,4
500,,Ternary,0002201040350023,1
501,,Ternary,2050004003000032,1
502,,Ternary,3001201401521243,3
503,,Ternary,1023310520044030,2
504,,Ternary,1000300053200000,4
505,,Ternary,1000010025403004,3
506,,Ternary,5102000010004013,3
507,,Ternary,0002031400351020,1
508,,Ternary,1400000223000501,2
509,,Ternary,0502103443012413,1
510,,Ternary,2501000000000402,3
511,,Ternary,1020000430514012,4
512,,Ternary,1004000035404200,1
513,,Ternary,1053342103044030,4
514,,Ternary,1340200400530021,1
515,,Ternary,2000300403250400,1
516,,Ternary,4025000000411030,3
517,,Ternary,3020531020000000,4
518,,Ternary,1320301220034501,2
519,,Ternary,1520041000300003,3
520,,Ternary,0043100500040000,2
521,,Ternary,0020001000014050,3
522,,Ternary,4350001000001043,2
523,,Ternary,1000500321300420,4
524,,Ternary,0001000020030235,4
525,,Ternary,3001140300344052,1
526,,Ternary,0013040025000300,1
527,,Ternary,0001100002050024,3
528,,Ternary,1003401500303001,2
529,,Ternary,0001102043050000,2
530,,Ternary,0352000020400000,1
531,,Ternary,0302003442003405,1
532,,Ternary,1423510240310300,3
533,,Ternary,0400300223050001,4
534,,Ternary,1025300000044000,3
535,,Ternary,1000001030015102,4
536,,Ternary,0030300423054013,1
537,,Ternary,0103100050203000,4
538,,Ternary,1340400301045020,3
539,,Ternary,1003000420415032,4
540,,Ternary,0000120000214510,3
541,,Ternary,1020025121400000,3
542,,Ternary,4320541020430000,3
543,,Ternary,0100003430050012,1
544,,Ternary,0000320500040130,1
545,,Ternary,4501000023001000,2
546,,Ternary,0002020304200510,3
547,,Ternary,4105230400001043,2
548,,Ternary,0300324121341450,2
549,,Ternary,0001314203140053,2
550,,Ternary,2030000253044013,1
551,,Ternary,1300001000300054,2
552,,Ternary,0041530040001000,2
553,,Ternary,0100120030005020,4
554,,Ternary,0402005323400010,2
555,,Ternary,1000200500030004,1
556,,Ternary,4301020320050010,4
557,,Ternary,5041200401000400,3
558,,Ternary,0000000004003510,2
559,,Ternary,0320010000304050,1
560,,Ternary,4000013004020503,2
561,,Ternary,1020240000404053,1
562,,Ternary,5103143000044021,2
563,,Ternary,0003000440250000,1
564,,Ternary,0250000000300040,1
565,,Ternary,2301021441301450,2
566,,Ternary,3000000003400251,3
567,,Ternary,4020541000302003,3
568,,Ternary,0003541023001000,3
569,,Ternary,4312502100402034,3
570,,Ternary,1000200000005004,3
571,,Ternary,0000021000301052,4
572,,Ternary,4000503021000402,1
573,,Ternary,4001100420450410,3
574,,Ternary,0000200051044000,3
575,,Ternary,0543000000000100,2
576,,Ternary,1002240531204013,1
577,,Ternary,4015300101030030,2
578,,Ternary,1030430021400051,2
579,,Ternary,1423300053040201,2
580,,Ternary,1520040220434201,3
581,,Ternary,0000001423054000,1
582,,Ternary,2053324100000132,1
583,,Ternary,3000500121400000,4
584,,Ternary,0301000040050002,3
585,,Ternary,0020123021434502,3
586,,Ternary,2000100050300040,4
587,,Ternary,1305300200004000,4
588,,Ternary,3000521000420000,4
589,,Ternary,0103520030004010,1
590,,Ternary,3401100050400000,2
591,,Ternary,0400000023000510,2
592,,Ternary,2104120035200002,4
593,,Ternary,0201200441005003,1
594,,Ternary,1000501200043000,4
595,,Ternary,1000503220000041,4
596,,Ternary,0012025320300004,4
597,,Ternary,1340210000530020,1
598,,Ternary,0003540020001030,3
599,,Ternary,2000040150434300,1
600,,Ternary,0423415023000000,3
601,,Ternary,0100501320411000,4
602,,Ternary,1002300003450010,1
603,,Ternary,4302302000401054,3
604,,Ternary,0102300025400000,3
605,,Ternary,2004004000010352,1
606,,Ternary,4020043221405010,3
607,,Ternary,5201340000000000,4
608,,Ternary,0013243001541000,2
609,,Ternary,0000403200103250,4
610,,Ternary,1005300403000043,2
611,,Ternary,1023235000410100,1
612,,Ternary,4350002102030000,1
613,,Ternary,5302000020004210,1
614,,Ternary,1020500423000000,3
615,,Ternary,1002350423400213,1
616,,Ternary,3040100501020004,3
617,,Ternary,0024530020001200,4
618,,Ternary,2000500410400200,3
619,,Ternary,0324301021034051,3
620,,Ternary,0023301003501000,4
621,,Ternary,4012350101430204,4
622,,Ternary,0002124000303150,2
623,,Ternary,1050002100044132,4
624,,Ternary,2400000050043100,1
625,,Ternary,4123501032010002,2
626,,Ternary,4000500100032004,3
627,,Ternary,4120305000001040,1
628,,Ternary,0001030025040000,1
629,,Ternary,4200010020000504,3
630,,Ternary,0450300020304010,2
631,,Ternary,4000001500340002,3
632,,Ternary,5042300402000400,1
633,,Ternary,2001001051400004,3
634,,Ternary,4000200151000000,3
635,,Ternary,0000235000144002,4
636,,Ternary,0032300014050000,3
637,,Ternary,0001000420050100,3
638,,Ternary,1302021450304103,2
639,,Ternary,0300002000004053,1
640,,Ternary,0041230401521423,3
641,,Ternary,1420531040000241,2
642,,Ternary,3020000003420453,1
643,,Ternary,1023201500300140,4
644,,Ternary,2030000000004150,2
645,,Ternary,1000000053403004,2
646,,Ternary,0030045000014020,1
647,,Ternary,1403003223003510,2
648,,Ternary,0000540030001000,2
649,,Ternary,1400503220400000,4
650,,Ternary,0523000420014102,4
651,,Ternary,5103200002001030,4
652,,Ternary,2341001040251402,3
653,,Ternary,1000320000005040,2
654,,Ternary,0154000000214012,3
655,,Ternary,3502240000310000,1
656,,Ternary,3000501400311000,2
657,,Ternary,0301503401002003,1
658,,Ternary,1040503440020000,2
659,,Ternary,0002002404354000,1
660,,Ternary,0000100050344000,2
661,,Ternary,1000051324300000,2
662,,Ternary,0003301040250002,1
663,,Ternary,5300203400021003,4
664,,Ternary,3021010000001053,4
665,,Ternary,2000000000043105,2
666,,Ternary,1300052001004010,4
667,,Ternary,1000000001043025,1
668,,Ternary,4000000053402004,1
669,,Ternary,1000240500010000,3
670,,Ternary,3002150423004023,2
671,,Ternary,5401300000000000,2
672,,Ternary,4130300120500043,1
673,,Ternary,2001001003423050,2
674,,Ternary,4000300120540032,1
675,,Ternary,4000501021030000,3
676,,Ternary,3401000005344200,1
677,,Ternary,3000010440020523,4
678,,Ternary,0520030401301040,4
679,,Ternary,1304301521034000,2
680,,Ternary,0000501240000104,3
681,,Ternary,4035000000000002,1
682,,Ternary,0023000400150340,2
683,,Ternary,0040100001302503,4
684,,Ternary,4300501300021000,2
685,,Ternary,2100123403025420,3
686,,Ternary,1423013220153040,4
687,,Ternary,0320000010002510,4
688,,Ternary,2051020300300000,4
689,,Ternary,0000300020005001,4
690,,Ternary,5003000020004000,1
691,,Ternary,5300001010044000,2
692,,Ternary,0000001342053000,1
693,,Ternary,0503314000200400,2
694,,Ternary,0001200300200405,2
695,,Ternary,0421000200544213,3
696,,Ternary,3104001020501040,3
697,,Ternary,5100000023004000,3
698,,Ternary,0003200530400004,1
699,,Ternary,4010340000002054,3
700,,Ternary,2040120054000010,3
701,,Ternary,3000000400312450,1
702,,Ternary,1000500204003000,4
703,,Ternary,4300004030001504,2
704,,Ternary,0020004020001052,3
705,,Ternary,2001400050300000,1
706,,Ternary,1342000045202000,1
707,,Ternary,1030012423004053,1
708,,Ternary,1320001220404501,2
709,,Ternary,0000531020000000,4
710,,Ternary,4320501201401034,3
711,,Ternary,0320301000002504,1
712,,Ternary,0000002430502410,4
713,,Ternary,1000421300005020,3
714,,Ternary,4000500200001000,3
715,,Ternary,4520000221433014,3
716,,Ternary,2000000253004000,1
717,,Ternary,5002000010003004,4
718,,Ternary,0203003000201050,4
719,,Ternary,2000300050040000,1
720,,Ternary,0102205400300003,1
721,,Ternary,3150001020001040,2
722,,Ternary,2300123401230450,1
723,,Ternary,1025023021430402,4
724,,Ternary,1400000200003045,1
725,,Ternary,0402300020015010,4
726,,Ternary,1403300050040000,2
727,,Ternary,4001200500100004,3
728,,Ternary,1000405020340010,2
729,,Ternary,1350002002030030,4
730,,Ternary,3010500421400000,1
731,,Ternary,0021015000304002,4
732,,Ternary,0000043520000001,2
733,,Ternary,0000001000304050,2
734,,Ternary,2051123401033010,4
735,,Ternary,1324000121403450,1
736,,Ternary,3120521003001000,4
737,,Ternary,1200001401300450,2
738,,Ternary,4300302101401054,3
739,,Ternary,1200003050043000,2
740,,Ternary,0000230051030000,4
741,,Ternary,1300001004005042,3
742,,Ternary,0000000023105130,4
743,,Ternary,1423320050040102,2
744,,Ternary,3400501020000000,4
745,,Ternary,2051001041301000,4
746,,Ternary,0001421303425130,2
747,,Ternary,0010000000304053,2
748,,Ternary,4000041520030000,2
749,,Ternary,0000400120405032,1
750,,Ternary,0300104000300052,1
751,,Ternary,0000000000304150,2
752,,Ternary,0420015220041043,3
753,,Ternary,3002000443050010,1
754,,Ternary,4320514000042010,3
755,,Ternary,4250000400001030,1
756,,Ternary,1504000000434201,3
757,,Ternary,3501001221000200,4
758,,Ternary,0301004020050004,3
759,,Ternary,4003043000421050,2
760,,Ternary,4500000203003100,2
761,,Ternary,2350001400000100,4
762,,Ternary,0501043223044003,2
763,,Ternary,3000100050400020,2
764,,Ternary,2100000050043000,1
765,,Ternary,2010020000300453,2
766,,Ternary,1023001040053041,2
767,,Ternary,0000501230001000,4
768,,Ternary,0000200040005003,1
769,,Ternary,1300000021405410,3
770,,Ternary,0021300052400004,1
771,,Ternary,0000320000324150,2
772,,Ternary,0002120420404503,1
773,,Ternary,3401034225044013,1
774,,Ternary,3400100050020000,4
775,,Ternary,0423013230010354,1
776,,Ternary,0000150403003000,2
777,,Ternary,0154124004314302,2
778,,Ternary,0250001020430001,3
779,,Ternary,0130020005030004,4
780,,Ternary,1342400000005020,3
781,,Ternary,0503100004000100,2
782,,Ternary,0001201005420304,1
783,,Ternary,0135031430001000,2
784,,Ternary,0300003002403504,1
785,,Ternary,0102002035000400,2
786,,Ternary,0100401030005002,1
787,,Ternary,0402300050014010,2
788,,Ternary,1400503400023000,2
789,,Ternary,4312304020541403,3
790,,Ternary,0340215000030020,3
791,,Ternary,0354001020000030,2
792,,Ternary,0402510323410010,4
793,,Ternary,3000500410000000,2
794,,Ternary,1053040000240010,4
795,,Ternary,3001100320050000,4
796,,Ternary,0524200040311340,1
797,,Ternary,0021354002000400,1
798,,Ternary,1003003000004052,1
799,,Ternary,4025000000033004,1
800,,Ternary,4321000021050014,3
801,,Ternary,0400300040302510,3
802,,Ternary,0003300140050020,2
803,,Ternary,0503023001401000,4
804,,Ternary,1003200400005400,3
805,,Ternary,0002200050103000,4
806,,Ternary,3005230440321400,1
807,,Ternary,1200231045300001,1
808,,Ternary,3000540023000013,1
809,,Ternary,4000500200103104,1
810,,Ternary,2003020135400000,1
811,,Ternary,5300100000204002,2
812,,Ternary,3002100400350000,1
813,,Ternary,0041231450324103,1
814,,Ternary,4000000423050403,1
815,,Ternary,3001100023050030,4
816,,Ternary,0100120420004500,3
817,,Ternary,0523200440310100,4
818,,Ternary,1000230541300001,4
819,,Ternary,3040501400300420,2
820,,Ternary,0030000420034051,2
821,,Ternary,1503031200343201,4
822,,Ternary,0352001000000124,4
823,,Ternary,3002231440301450,2
824,,Ternary,4012042050031004,2
825,,Ternary,0021204500043000,3
826,,Ternary,2503000003000410,1
827,,Ternary,0020540221433014,1
828,,Ternary,0020205300404000,1
829,,Ternary,4051001030001034,2
830,,Ternary,0520030041003000,4
831,,Ternary,2001120405230402,1
832,,Ternary,4021500300001000,2
833,,Ternary,0000230540310000,4
834,,Ternary,0254301000000000,3
835,,Ternary,2000001501041002,3
836,,Ternary,3051000040000423,4
837,,Ternary,2100123035004012,4
838,,Ternary,1000543000200000,2
839,,Ternary,4001002023005100,3
840,,Ternary,1054002020400300,3
841,,Ternary,0153341020410004,2
842,,Ternary,0000300050041000,2
843,,Ternary,1003405000340020,1
844,,Ternary,0154100004200003,3
845,,Ternary,0000204002153004,3
846,,Ternary,3000031020301540,2
847,,Ternary,1054342100004302,3
848,,Ternary,4020230530010000,4
849,,Ternary,4312100521433000,4
850,,Ternary,0300003421050410,3
851,,Ternary,1002050324000200,1
852,,Ternary,2000031034500003,2
853,,Ternary,1400005220303040,1
854,,Ternary,0301154020043412,2
855,,Ternary,0000001030500021,4
856,,Ternary,1005010400020430,3
857,,Ternary,2001320500001000,4
858,,Ternary,1003200400005040,3
859,,Ternary,0000000020005104,3
860,,Ternary,2503010200344000,4
861,,Ternary,4300120401425013,2
862,,Ternary,1000000452003000,4
863,,Ternary,1023030005044102,2
864,,Ternary,1054000034200010,3
865,,Ternary,0352001040000020,4
866,,Ternary,4012000030005100,2
867,,Ternary,1420314225044030,3
868,,Ternary,4013000003002054,3
869,,Ternary,1002520003003020,4
870,,Ternary,1000500400003000,2
871,,Ternary,0400050320000210,1
872,,Ternary,4000000053002000,1
873,,Ternary,0021010303000504,2
874,,Ternary,0453314003201200,1
875,,Ternary,1002200050030000,4
876,,Ternary,0021400050341000,2
877,,Ternary,4020140021433504,2
878,,Ternary,1002003404500010,2
879,,Ternary,1503342120104032,2
880,,Ternary,1203040021054300,4
881,,Ternary,2410304005244102,3
882,,Ternary,1025031001340001,3
883,,Ternary,4503000100000100,2
884,,Ternary,3120001320010542,3
885,,Ternary,0100103000400052,1
886,,Ternary,1003320000405032,4
887,,Ternary,4020000203053004,1
888,,Ternary,3002002400304050,1
889,,Ternary,0351000440020420,4
890,,Ternary,0512030020400200,4
891,,Ternary,2031302003454013,2
892,,Ternary,0103103400253400,1
893,,Ternary,3005000400021400,1
894,,Ternary,0102200040350000,1
895,,Ternary,3002512020000004,4
896,,Ternary,3401200000425013,4
897,,Ternary,0423315000004000,4
898,,Ternary,1520300023000200,4
899,,Ternary,1000530040030204,2
900,,Ternary,2100120334054012,1
901,,Ternary,2340000004150003,2
902,,Ternary,2000450003000100,2
903,,Ternary,2001000050133000,4
904,,Ternary,1000001000200450,3
905,,Ternary,4020501330420000,2
906,,Ternary,0123503423410012,1
907,,Ternary,1300025121400400,3
908,,Ternary,1000000150340400,2
909,,Ternary,2051304203200000,3
910,,Ternary,1003010043000521,4
911,,Ternary,4032230104500210,2
912,,Ternary,0030302000014050,1
913,,Ternary,0350021000004020,4
914,,Ternary,1340203002540000,1
915,,Ternary,4010040000013054,2
916,,Ternary,0342040000040510,2
917,,Ternary,0520310023000000,4
918,,Ternary,1530041020404103,2
919,,Ternary,4000053431420013,2
920,,Ternary,0001000300250300,4
921,,Ternary,4000000020005100,3
922,,Ternary,1040250340000120,4
923,,Ternary,0200500430001040,2
924,,Ternary,4530000020000100,2
925,,Ternary,2100024540010412,3
926,,Ternary,0300120500000013,4
927,,Ternary,1020400004533000,1
928,,Ternary,2000010003544013,2
929,,Ternary,5002100030400004,4
930,,Ternary,1420050221303041,3
931,,Ternary,1005002404000013,2
932,,Ternary,1305300100020000,4
933,,Ternary,0000004003150102,4
934,,Ternary,1000041520430000,2
935,,Ternary,0000200500010304,3
936,,Ternary,0143000140050000,2
937,,Ternary,3025000023010013,4
938,,Ternary,0000001024050203,1
939,,Ternary,1005310403004003,2
940,,Ternary,0004004000203050,1
941,,Ternary,0401301453024103,1
942,,Ternary,2000004253040000,1
943,,Ternary,0312542000031030,3
944,,Ternary,0000003430150001,2
945,,Ternary,3005030441021420,1
946,,Ternary,0102030040001520,4
947,,Ternary,0400500241003000,1
948,,Ternary,0250300000420013,3
949,,Ternary,0154200000300040,2
950,,Ternary,0351000000400000,2
951,,Ternary,1320023121405402,3
952,,Ternary,3100045000300020,1
953,,Ternary,3000540020000000,1
954,,Ternary,0103000040250002,1
955,,Ternary,5103000100044002,2
956,,Ternary,4001120350300002,2
957,,Ternary,0000240031005004,1
958,,Ternary,2051104000000002,3
959,,Ternary,0030040302454312,1
960,,Ternary,0000543010000010,2
961,,Ternary,3000100050020040,4
962,,Ternary,0021235000404000,1
963,,Ternary,0001100052003020,4
964,,Ternary,1023000000003051,4
965,,Ternary,2134125004014010,4
966,,Ternary,4503000101001000,2
967,,Ternary,2500300103000400,1
968,,Ternary,3450234040231200,1
969,,Ternary,1324023521400400,1
970,,Ternary,4200350100000040,4
971,,Ternary,4320014500000002,3
972,,Ternary,1000540200400030,3
973,,Ternary,0400010035000014,2
974,,Ternary,1032015423404203,2
975,,Ternary,0021523020404312,1
976,,Ternary,1200502440000000,3
977,,Ternary,3000500401301000,2
978,,Ternary,4021000020401050,3
979,,Ternary,0001450021000203,3
980,,Ternary,0041100353004000,2
981,,Ternary,1000000023005004,3
982,,Ternary,1503000023000200,4
983,,Ternary,0301203002453000,3
984,,Ternary,2150000000000040,3
985,,Ternary,0003540013002004,3
986,,Ternary,0300023420150000,3
987,,Ternary,2000005304201040,1
988,,Ternary,4500000003003104,2
989,,Ternary,0312000415203000,4
990,,Ternary,4000000420150100,3
991,,Ternary,1400015203403200,3
992,,Ternary,0100000334000502,3
993,,Ternary,3051001401021023,4
994,,Ternary,2000003000104050,2
995,,Ternary,4003200530000004,1
996,,Ternary,0300400020035001,3
997,,Ternary,1503340000004000,2
998,,Ternary,0000100021304502,3
999,,Ternary,4025000220030000,1
1000,,Ternary,4120543020040000,1
1001,,Ternary,1500003043000400,2
1002,,Ternary,1400500420400003,3
1003,,Ternary,4103520003001000,3
1004,,Ternary,4321210002540012,3
1005,,Ternary,5030100000004000,2
1006,,Ternary,0000200050243000,1
1007,,Ternary,0001503421400000,1
1008,,Ternary,0205000401402003,1
1009,,Ternary,4025000000000003,1
1010,,Ternary,4000000021005003,1
1011,,Ternary,1324400120050000,3
1012,,Ternary,0001020300254000,4
1013,,Ternary,0001000320054010,4
1014,,Ternary,4001014000002503,4
1015,,Ternary,0004542010000010,3
1016,,Ternary,4005000300021030,1
1017,,Ternary,0020000000404053,1
1018,,Ternary,0542031440311400,1
1019,,Ternary,0010000020004052,3
1020,,Ternary,5103103000004300,2
1021,,Ternary,1000200350300000,4
1022,,Ternary,0400320005430001,1
1023,,Ternary,4130024005130000,4
1024,,Ternary,3040040320040015,2
1025,,Ternary,4500030101000000,2
1026,,Ternary,5100003220003200,4
1027,,Ternary,2000001334500002,2
1028,,Ternary,0124531020311240,4
1029,,Ternary,2001501040000003,3
1030,,Ternary,0305000220400014,1
1031,,Ternary,0300014020000253,1
1032,,Ternary,4130324125041000,3
1033,,Ternary,2450310200244013,3
1034,,Ternary,0000000040312150,4
1035,,Ternary,4003240501001300,1
1036,,Ternary,0000031500401204,2
1037,,Ternary,0001014200342053,1
1038,,Ternary,4000250301021034,4
1039,,Ternary,2030000000004052,1
1040,,Ternary,1020503200043200,4
1041,,Ternary,1300041520434031,2
1042,,Ternary,4105000002000002,3
1043,,Ternary,1023213403153200,2
1044,,Ternary,2503000000004102,4
1045,,Ternary,0301000401250430,3
1046,,Ternary,1002400050300000,2
1047,,Ternary,5021401000300000,3
1048,,Ternary,1423503220140200,4
1049,,Ternary,5010000020004000,3
1050,,Ternary,0300540020001000,3
1051,,Ternary,1000500420000030,3
1052,,Ternary,1304421300310152,4
1053,,Ternary,0000500323001030,4
1054,,Ternary,0023031530400134,2
1055,,Ternary,2001000050140000,3
1056,,Ternary,3502231440310403,1
1057,,Ternary,2350001000031000,4
1058,,Ternary,3045000001021023,1
1059,,Ternary,0045200041020403,1
1060,,Ternary,0520031021300003,4
1061,,Ternary,0102000404203500,2
1062,,Ternary,0403000042050000,1
1063,,Ternary,0300002100450032,3
1064,,Ternary,1020243001454013,2
1065,,Ternary,3100521000300000,4
1066,,Ternary,2000020051044002,3
1067,,Ternary,0021030021004510,2
1068,,Ternary,3501000021000210,4
1069,,Ternary,3000000023050201,4
1070,,Ternary,3002501400010403,2
1071,,Ternary,3120540000001000,2
1072,,Ternary,5403010020000030,1
1073,,Ternary,5420310203004201,1
1074,,Ternary,0423050223400004,1
1075,,Ternary,5003400000041030,2
1076,,Ternary,0003320005040130,3
1077,,Ternary,0020420050301000,2
1078,,Ternary,3520010000004000,4
1079,,Ternary,0300004015043402,2
1080,,Ternary,2005000300040100,1
1081,,Ternary,1342301540002400,4
1082,,Ternary,1023410023143051,4
1083,,Ternary,1540302003000401,2
1084,,Ternary,4010020150032000,1
1085,,Ternary,2003000000204350,1
1086,,Ternary,1000400000015002,3
1087,,Ternary,0143123453020020,4
1088,,Ternary,1000004000003250,1
1089,,Ternary,0030045020000020,1
1090,,Ternary,0430310025404000,3
1091,,Ternary,2000103500040021,2
1092,,Ternary,2000540000001340,3
1093,,Ternary,4520003001403004,3
1094,,Ternary,0403000223004501,2
1095,,Ternary,0300120441050002,3
1096,,Ternary,0350002000430204,1
1097,,Ternary,1403015203000040,3
1098,,Ternary,4520000203000010,1
1099,,Ternary,0000300401251430,3
1100,,Ternary,1000045000304013,2
1101,,Ternary,0020320000004150,3
1102,,Ternary,0000205400300000,1
1103,,Ternary,5013040000422030,4
1104,,Ternary,1000230035400200,1
1105,,Ternary,1250002400020030,4
1106,,Ternary,0000010004204502,3
1107,,Ternary,4100102053000000,2
1108,,Ternary,1403350220044001,1
1109,,Ternary,3041140023140052,3
1110,,Ternary,0020000451402000,3
1111,,Ternary,0400010025004030,3
1112,,Ternary,1250000041300020,4
1113,,Ternary,0100240030005004,1
1114,,Ternary,4000140053000000,2
1115,,Ternary,4000500130400004,2
1116,,Ternary,0104000005204300,4
1117,,Ternary,1342021440032450,3
1118,,Ternary,1025300200030000,4
1119,,Ternary,2100120054200010,3
1120,,Ternary,0030100424500040,1
1121,,Ternary,4501000003003010,2
1122,,Ternary,0403000005200100,3
1123,,Ternary,0503010200040200,4
1124,,Ternary,1023001220540200,3
1125,,Ternary,0000503420000100,1
1126,,Ternary,3051200401301423,4
1127,,Ternary,2100000050301020,4
1128,,Ternary,1400200000025040,3
1129,,Ternary,1302400000005030,2
1130,,Ternary,4000300050020134,1
1131,,Ternary,0100003032500010,4
1132,,Ternary,0000100450302013,4
1133,,Ternary,0543000042310400,1
1134,,Ternary,1300020121005400,3
1135,,Ternary,4012100000402050,3
1136,,Ternary,0104120030205002,4
1137,,Ternary,1420310223104250,3
1138,,Ternary,0003304000201050,3
1139,,Ternary,4000500200003004,1
1140,,Ternary,4320020321340415,2
1141,,Ternary,1350314200000400,2
1142,,Ternary,5300210040300000,1
1143,,Ternary,0340103000005024,3
1144,,Ternary,4003103252000010,3
1145,,Ternary,0040150443000003,2
1146,,Ternary,3000031401000453,2
1147,,Ternary,4020503201403004,1
1148,,Ternary,0021531020401230,4
1149,,Ternary,0240031441050023,2
1150,,Ternary,3104421300311052,4
1151,,Ternary,3000020351004000,2
1152,,Ternary,4002102053000000,2
1153,,Ternary,5400100020040203,3
1154,,Ternary,5301304200042413,4
1155,,Ternary,4502302002430134,3
1156,,Ternary,1002020005343420,1
1157,,Ternary,0304300025400001,1
1158,,Ternary,4020040000013054,1
1159,,Ternary,4000040332400510,3
1160,,Ternary,0240040030504010,2
1161,,Ternary,0020301000000054,3
1162,,Ternary,1000010220040035,1
1163,,Ternary,4320500201433014,1
1164,,Ternary,0002051042301400,3
1165,,Ternary,0030002010504000,4
1166,,Ternary,3501020300304000,4
1167,,Ternary,1030000023400052,1
1168,,Ternary,0100235004001040,1
1169,,Ternary,4020140021050014,3
1170,,Ternary,3001003403120453,2
1171,,Ternary,1200000124050002,3
1172,,Ternary,0300402020015010,3
1173,,Ternary,0013000000000452,3
1174,,Ternary,0000004000021053,2
1175,,Ternary,1520003024000200,3
1176,,Ternary,1000320023044500,1
1177,,Ternary,4310000150032000,1
1178,,Ternary,0000000310043015,2
1179,,Ternary,4000000050201300,3
1180,,Ternary,4103020000001540,3
1181,,Ternary,4300301502402134,2
1182,,Ternary,1020524021340302,3
1183,,Ternary,5042130000002410,3
1184,,Ternary,0502230440300400,1
1185,,Ternary,4310520100001000,3
1186,,Ternary,0003235000100034,4
1187,,Ternary,3050001440001420,4
1188,,Ternary,4000003000421350,2
1189,,Ternary,3124001320050000,1
1190,,Ternary,5401030020044000,3
1191,,Ternary,4025000000030010,1
1192,,Ternary,3002030440312150,4
1193,,Ternary,3502201442301403,1
1194,,Ternary,0350000242103124,4
1195,,Ternary,0010300000204050,3
1196,,Ternary,4000000003002510,4
1197,,Ternary,1304503020030000,4
1198,,Ternary,0400100052003000,4
1199,,Ternary,0003120004254000,1
1200,,Ternary,4520304123040432,1
1201,,Ternary,1503304223100201,4
1202,,Ternary,0003010003200541,2
1203,,Ternary,0130320005030001,4
1204,,Ternary,1043503403000002,2
1205,,Ternary,3020501024300000,4
1206,,Ternary,0003401501340000,2
1207,,Ternary,0002400050103100,2
1208,,Ternary,3100032020014510,2
1209,,Ternary,0403020020004510,3
1210,,Ternary,0000320003004500,1
1211,,Ternary,2100020035000021,4
1212,,Ternary,4000000020005001,3
1213,,Ternary,0000205000100340,3
1214,,Ternary,1340200502133401,4
1215,,Ternary,5003100020000000,4
1216,,Ternary,1030010225030000,4
1217,,Ternary,2405000000030000,1
1218,,Ternary,2100000005230300,4
1219,,Ternary,0145100400203402,3
1220,,Ternary,1003400003105102,3
1221,,Ternary,1300425020300000,1
1222,,Ternary,3041200001500420,3
1223,,Ternary,0002425020300020,1
1224,,Ternary,1000020400404530,1
1225,,Ternary,0431014213004250,1
1226,,Ternary,0012100000302150,4
1227,,Ternary,1003235000000041,1
1228,,Ternary,0320420320305102,3
1229,,Ternary,1003000402450100,1
1230,,Ternary,1024421000005102,3
1231,,Ternary,3000102020434051,3
1232,,Ternary,0534002002414012,1
1233,,Ternary,0301000020453004,3
1234,,Ternary,1040003001002450,1
1235,,Ternary,2501000003044010,4
1236,,Ternary,1400000423414510,2
1237,,Ternary,0003510240300020,3
1238,,Ternary,1400320000030501,3
1239,,Ternary,0000001030544000,2
1240,,Ternary,0300450100003000,2
1241,,Ternary,5030430010000201,2
1242,,Ternary,0013504130241402,2
1243,,Ternary,0040130504004002,4
1244,,Ternary,0102530430001000,2
1245,,Ternary,4000300050200040,1
1246,,Ternary,0000045020104030,2
1247,,Ternary,1000400053000040,2
1248,,Ternary,0003401500300000,2
1249,,Ternary,1420003203000510,2
1250,,Ternary,1302001000004053,2
1251,,Ternary,2300024501231402,1
1252,,Ternary,0051040001400030,2
1253,,Ternary,0003010020104250,3
1254,,Ternary,4132024100001504,3
1255,,Ternary,0001041300004005,2
1256,,Ternary,1302000020003015,4
1257,,Ternary,1053042103004000,4
1258,,Ternary,0000001500240002,3
1259,,Ternary,4023235002401002,1
1260,,Ternary,5043000000002000,1
1261,,Ternary,3024001004000253,4
1262,,Ternary,3000540100021000,2
1263,,Ternary,1500000403000430,2
1264,,Ternary,4000302100401050,3
1265,,Ternary,1520000004000010,3
1266,,Ternary,0043021503000002,4
1267,,Ternary,3102100425030001,4
1268,,Ternary,1042200000303105,4
1269,,Ternary,1000300452000000,4
1270,,Ternary,0352203400100000,4
1271,,Ternary,1400000023050031,4
1272,,Ternary,5024003021003010,1
1273,,Ternary,0000000400003105,2
1274,,Ternary,4000100053000004,2
1275,,Ternary,2001000003053024,2
1276,,Ternary,0021030020344053,1
1277,,Ternary,1005000200033020,4
1278,,Ternary,0000100023050201,4
1279,,Ternary,1020010025044030,3
1280,,Ternary,4100100003000541,2
1281,,Ternary,0423014520044030,2
1282,,Ternary,1423510203044030,3
1283,,Ternary,1025000200033000,4
1284,,Ternary,1020021003500100,4
1285,,Ternary,3502002021001000,4
1286,,Ternary,2043120003205400,3
1287,,Ternary,5012400000002000,3
1288,,Ternary,0000100520040003,2
1289,,Ternary,5021000000343000,4
1290,,Ternary,0054120030200012,3
1291,,Ternary,4302520101001403,3
1292,,Ternary,0010342021050034,3
1293,,Ternary,1030230405400100,2
1294,,Ternary,0105031400320040,3
1295,,Ternary,1420315003044000,4
1296,,Ternary,3412520420400020,1
1297,,Ternary,1400000021403510,2
1298,,Ternary,2000314050040000,1
1299,,Ternary,0020040020403510,2
1300,,Ternary,0032302453014013,2
1301,,Ternary,4312352021400030,4
1302,,Ternary,1023001000043050,4
1303,,Ternary,4302002152030134,1
1304,,Ternary,0020531021000004,4
1305,,Ternary,1000000340305020,3
1306,,Ternary,0420530440321043,2
1307,,Ternary,0040200500040003,1
1308,,Ternary,2003023034504312,2
1309,,Ternary,0423013043053001,2
1310,,Ternary,1450020000414132,2
1311,,Ternary,2501024300204312,4
1312,,Ternary,1023000203540001,1
1313,,Ternary,1203002040150000,2
1314,,Ternary,0053020000214010,4
1315,,Ternary,3450100020400010,2
1316,,Ternary,5300200000001000,4
1317,,Ternary,0030400520430002,1
1318,,Ternary,3510030040030204,4
1319,,Ternary,0504230041200002,2
1320,,Ternary,4500000002300100,3
1321,,Ternary,0040231401350403,2
1322,,Ternary,1304201332500130,4
1323,,Ternary,1005001200044000,3
1324,,Ternary,0201031400300450,2
1325,,Ternary,0000014000203050,1
1326,,Ternary,4320015300300002,4
1327,,Ternary,3400504220340013,1
1328,,Ternary,3000150403000000,2
1329,,Ternary,4000102004025003,2
1330,,Ternary,0300024000001053,2
1331,,Ternary,4205040020030000,1
1332,,Ternary,3501042023004032,2
1333,,Ternary,0103523034014000,1
1334,,Ternary,1503020003000000,4
1335,,Ternary,1000000020005420,3
1336,,Ternary,1020003223415004,3
1337,,Ternary,0000004320040105,2
1338,,Ternary,1300201301244250,3
1339,,Ternary,4003100000005042,3
1340,,Ternary,1300400004003502,1
1341,,Ternary,3142031440305023,1
1342,,Ternary,0000205400301023,1
1343,,Ternary,1032012403414510,2
1344,,Ternary,0000240500400003,1
1345,,Ternary,2431030240500214,2
1346,,Ternary,0000130020540213,3
1347,,Ternary,0002300500002104,1
1348,,Ternary,4310302052030134,1
1349,,Ternary,0200050321004002,4
1350,,Ternary,4000000052003004,1
1351,,Ternary,4250000000301000,1
1352,,Ternary,1042200342303504,1
1353,,Ternary,0000000400001035,2
1354,,Ternary,0000400000005021,3
1355,,Ternary,1023014223040051,3
1356,,Ternary,1324450100002000,2
1357,,Ternary,3124001324305042,1
1358,,Ternary,0120401520301342,3
1359,,Ternary,0351100021400014,2
1360,,Ternary,0000320050204100,1
1361,,Ternary,1340241300000524,1
1362,,Ternary,1003000004202510,3
1363,,Ternary,0153300400200402,4
1364,,Ternary,1000301500400102,4
1365,,Ternary,1000020035040000,1
1366,,Ternary,0020400204103050,4
1367,,Ternary,0152031000301000,4
1368,,Ternary,4301200502043100,3
1369,,Ternary,1000314223050201,4
1370,,Ternary,0253300010400030,1
1371,,Ternary,3004540021000000,1
1372,,Ternary,4002300050200000,1
1373,,Ternary,0030000423050013,1
1374,,Ternary,5103000020000010,4
1375,,Ternary,1420320005300000,1
1376,,Ternary,1004420050430002,2
1377,,Ternary,3540201442001403,1
1378,,Ternary,1420013005023000,3
1379,,Ternary,1000000320000215,4
1380,,Ternary,0041201401021053,2
1381,,Ternary,4100000034021530,2
1382,,Ternary,3004100025400132,3
1383,,Ternary,4301501220430000,3
1384,,Ternary,0000000401454013,2
1385,,Ternary,1003001042015042,3
1386,,Ternary,4052001003000000,3
1387,,Ternary,0001304223140453,2
1388,,Ternary,3005000400010000,2
1389,,Ternary,1000002052402004,3
1390,,Ternary,0003410020050201,4
1391,,Ternary,3100021005301002,4
1392,,Ternary,0001020000450412,3
1393,,Ternary,1000010003540020,1
1394,,Ternary,2400024045301024,1
1395,,Ternary,0154000000310040,2
1396,,Ternary,0354020034200032,1
1397,,Ternary,0402000020403510,2
1398,,Ternary,0030230430251000,1
1399,,Ternary,5001032020004130,3
1400,,Ternary,2000100030104053,2
1401,,Ternary,0200010200000524,3
1402,,Ternary,0040035400104100,2
1403,,Ternary,0000503410003000,2
1404,,Ternary,0003000040050002,1
1405,,Ternary,1003510203004030,3
1406,,Ternary,5031240000000000,4
1407,,Ternary,3041140023044520,1
1408,,Ternary,1020340521434201,2
1409,,Ternary,4001500323000000,1
1410,,Ternary,0000000000204350,1
1411,,Ternary,1000320050040000,2
1412,,Ternary,3052201442010020,4
1413,,Ternary,2403020503403104,1
1414,,Ternary,0025030000310043,4
1415,,Ternary,4350041201431004,2
1416,,Ternary,3005000400020000,1
1417,,Ternary,1500420000000400,3
1418,,Ternary,0002300140052000,3
1419,,Ternary,0001200001425403,1
1420,,Ternary,1340503402000020,2
1421,,Ternary,3002001040500423,3
1422,,Ternary,1423305120004100,4
1423,,Ternary,0000320025044100,3
1424,,Ternary,5024103023010003,3
1425,,Ternary,2000400053000000,1
1426,,Ternary,1402352023014010,1
1427,,Ternary,2000001002530000,4
1428,,Ternary,1423401221043500,2
1429,,Ternary,0000000002003504,1
1430,,Ternary,0520041021400004,3
1431,,Ternary,0020000001304050,1
1432,,Ternary,4000200500040003,1
1433,,Ternary,2104504030010000,1
1434,,Ternary,0000503421000400,1
1435,,Ternary,0403301025014102,3
1436,,Ternary,5120000020314000,3
1437,,Ternary,4000043052041000,3
1438,,Ternary,1520000003403010,4
1439,,Ternary,0213350100301042,4
1440,,Ternary,4312042032052034,1
1441,,Ternary,0200200040305003,1
1442,,Ternary,5003200010000000,4
1443,,Ternary,4500230002000000,1
1444,,Ternary,3041140003140520,1
1445,,Ternary,0002040053204003,1
1446,,Ternary,0010320050204000,1
1447,,Ternary,0001301221300543,2
1448,,Ternary,5010310200042400,4
1449,,Ternary,1020003030000450,1
1450,,Ternary,5031000000404203,2
1451,,Ternary,0012120500300004,3
1452,,Ternary,5130140000404312,2
1453,,Ternary,0542230442311000,1
1454,,Ternary,0030230400201053,4
1455,,Ternary,2031054213000213,1
1456,,Ternary,5102130000033001,4
1457,,Ternary,4012300500000004,1
1458,,Ternary,3400100220300513,2
1459,,Ternary,1000540020000000,3
1460,,Ternary,3420501221000204,4
1461,,Ternary,1000003000540420,1
1462,,Ternary,0000035400204102,1
1463,,Ternary,1300400020000514,2
1464,,Ternary,4000000032050134,1
1465,,Ternary,5024310020300013,1
1466,,Ternary,4003040002012510,3
1467,,Ternary,0040100500020003,4
1468,,Ternary,0510020020300420,3
1469,,Ternary,0523013043003000,4
1470,,Ternary,5300020010004000,2
1471,,Ternary,3005000201344010,1
1472,,Ternary,0420315023004001,4
1473,,Ternary,0001100050304000,2
1474,,Ternary,1020000400004350,1
1475,,Ternary,0001200500001003,4
1476,,Ternary,0450100200300013,2
1477,,Ternary,1000400500030201,2
1478,,Ternary,3510000020000430,2
1479,,Ternary,1030040121034005,2
1480,,Ternary,0040100453002010,4
1481,,Ternary,4300015000300043,2
1482,,Ternary,5100040030412010,4
1483,,Ternary,0002000443052000,1
1484,,Ternary,0034040021050010,3
1485,,Ternary,1000000050340010,2
1486,,Ternary,4000501021400204,3
1487,,Ternary,5013304100244132,2
1488,,Ternary,0200501400003000,2
1489,,Ternary,4103200032500042,1
1490,,Ternary,3001531040000003,2
1491,,Ternary,2054004003000010,3
1492,,Ternary,1000200050040030,3
1493,,Ternary,5130100023000000,4
1494,,Ternary,5301000020000010,4
1495,,Ternary,0100140020405004,3
1496,,Ternary,0042200040050003,1
1497,,Ternary,0023400503003001,2
1498,,Ternary,2400000050301300,4
1499,,Ternary,0020004030541400,1
1500,,Ternary,4000502100000104,3
1501,,Ternary,2000000000100254,3
1502,,Ternary,0351300020400200,2
1503,,Ternary,4120020000301050,4
1504,,Ternary,0203540010002004,3
1505,,Ternary,0021000020050013,4
1506,,Ternary,1420513040000200,2
1507,,Ternary,0253300000400032,1
1508,,Ternary,3102130025004010,4
1509,,Ternary,4203350100000042,4
1510,,Ternary,1300403220530040,1
1511,,Ternary,1300403050030400,2
1512,,Ternary,2035000400404310,1
1513,,Ternary,1024300052010000,4
1514,,Ternary,4000000052001000,3
1515,,Ternary,0034100000004052,1
1516,,Ternary,0000003230154000,4
1517,,Ternary,1423310200004530,2
1518,,Ternary,4000510220000000,3
1519,,Ternary,3100025000401032,1
1520,,Ternary,4020004000040053,1
1521,,Ternary,2400000250433124,1
1522,,Ternary,0003200500240000,1
1523,,Ternary,0130004023001050,2
1524,,Ternary,1240302500000001,4
1525,,Ternary,1002021423405023,4
1526,,Ternary,1000001020534001,4
1527,,Ternary,1300514000032000,3
1528,,Ternary,0310305100020040,2
1529,,Ternary,5301000010004000,2
1530,,Ternary,0000003030522413,4
1531,,Ternary,4010500120000403,3
1532,,Ternary,0020010203104050,3
1533,,Ternary,1503020023044030,4
1534,,Ternary,3400150220040200,3
1535,,Ternary,3020134025044013,1
1536,,Ternary,5100000440303000,2
1537,,Ternary,1005003400004012,3
1538,,Ternary,0400304520004002,1
1539,,Ternary,0420310003544000,1
1540,,Ternary,0054201042310000,2
1541,,Ternary,4200502000001040,3
1542,,Ternary,0034040021054002,3
1543,,Ternary,0000300100252004,3
1544,,Ternary,1000010023053001,4
1545,,Ternary,0102030040350020,1
1546,,Ternary,2100000140050003,2
1547,,Ternary,4003100052000000,3
1548,,Ternary,2001000000254003,4
1549,,Ternary,1350002030000430,4
1550,,Ternary,0304001042500003,3
1551,,Ternary,0000004220300150,2
1552,,Ternary,5203000000044002,1
1553,,Ternary,0320003401500400,4
1554,,Ternary,3520031001000000,4
1555,,Ternary,1023503220000000,4
1556,,Ternary,5103020004014010,2
1557,,Ternary,1200450000000100,3
1558,,Ternary,4013100220300154,2
1559,,Ternary,0324510020304000,3
1560,,Ternary,0004000304200512,3
1561,,Ternary,3021000220544013,3
1562,,Ternary,1005000400023000,3
1563,,Ternary,2000040050014000,3
1564,,Ternary,4300052021400034,4
1565,,Ternary,5320310000004010,1
1566,,Ternary,0130020304254012,1
1567,,Ternary,1420315023040231,4
1568,,Ternary,0003000120544030,1
1569,,Ternary,3400030121035004,1
1570,,Ternary,1020000000005042,3
1571,,Ternary,5300040010002004,4
1572,,Ternary,1054040302404032,2
1573,,Ternary,0023010023104500,2
1574,,Ternary,1000405021340021,1
1575,,Ternary,4312042050032134,1
1576,,Ternary,5001200003003000,4
1577,,Ternary,1025400200133240,4
1578,,Ternary,1040502440000010,3
1579,,Ternary,2003023030104050,2
1580,,Ternary,0103000200004520,3
1581,,Ternary,3105000440300023,2
1582,,Ternary,5301000041030000,2
1583,,Ternary,2053001040000300,4
1584,,Ternary,5401034021340013,3
1585,,Ternary,0002025400314000,1
1586,,Ternary,4000000050201040,3
1587,,Ternary,0201001400000453,2
1588,,Ternary,1042021504304103,4
1589,,Ternary,2301123001030452,1
1590,,Ternary,1000420000305020,3
1591,,Ternary,2500103034214302,1
1592,,Ternary,1000000420450203,1
1593,,Ternary,0102000040050403,1
1594,,Ternary,1003500400003040,2
1595,,Ternary,3502240000000000,1
1596,,Ternary,5003000010004010,2
1597,,Ternary,4013003050201300,3
1598,,Ternary,1420020020304050,1
1599,,Ternary,5103000000004000,2
1600,,Ternary,5003040010044000,2
1601,,Ternary,3001205400000210,3
1602,,Ternary,0300504020341003,3
1603,,Ternary,0400120005300000,1
1604,,Ternary,2400014245300024,2
1605,,Ternary,4501000313000002,2
1606,,Ternary,1000250441000241,3
1607,,Ternary,0300400050130000,2
1608,,Ternary,1040500403002401,3
1609,,Ternary,1020013203050001,4
1610,,Ternary,0000000323005104,3
1611,,Ternary,3021123451400002,2
1612,,Ternary,0300000025403014,1
1613,,Ternary,0100400500033201,2
1614,,Ternary,0021543021403014,1
1615,,Ternary,0041231441305023,1
1616,,Ternary,0351023020400000,2
1617,,Ternary,0520300003000100,4
1618,,Ternary,0530020000001400,1
1619,,Ternary,2105123430000012,3
1620,,Ternary,0003004500000002,1
1621,,Ternary,0043000012054010,4
1622,,Ternary,2000510040200204,3
1623,,Ternary,1300320000105032,4
1624,,Ternary,4520003201003014,3
1625,,Ternary,5003004010044002,2
1626,,Ternary,2501000003000042,4
1627,,Ternary,0523010200000030,4
1628,,Ternary,0000100050304010,2
1629,,Ternary,1000354001302000,2
1630,,Ternary,1302200001004015,3
1631,,Ternary,0000000003002504,1
1632,,Ternary,1000502323000000,4
1633,,Ternary,2000000230154003,4
1634,,Ternary,1000503400000010,2
1635,,Ternary,1032000420400253,1
1636,,Ternary,2030430000000524,1
1637,,Ternary,1350342000040000,4
1638,,Ternary,0000003000203051,4
1639,,Ternary,5400010223003014,1
1640,,Ternary,0013040500201042,1
1641,,Ternary,0421023020454312,3
1642,,Ternary,0102200440351020,1
1643,,Ternary,1205030430000132,3
1644,,Ternary,0240231440323005,1
1645,,Ternary,0541231000001000,2
1646,,Ternary,0501004003000403,2
1647,,Ternary,0025000400000003,1
1648,,Ternary,0521430020400000,4
1649,,Ternary,2100023440005001,3
1650,,Ternary,0020435020300000,1
1651,,Ternary,0312324100032150,3
1652,,Ternary,2051000000340000,4
1653,,Ternary,1032502420000000,3
1654,,Ternary,4010003421500000,4
1655,,Ternary,0132304023000523,4
1656,,Ternary,1300200000135401,3
1657,,Ternary,1423415003400000,3
1658,,Ternary,4310200150430004,1
1659,,Ternary,0003020500044000,1
1660,,Ternary,0450020000320020,1
1661,,Ternary,0000503040021400,2
1662,,Ternary,2000103500000002,4
1663,,Ternary,0002100001350000,4
1664,,Ternary,1023000020150002,4
1665,,Ternary,1000010025403200,3
1666,,Ternary,1200350001032000,4
1667,,Ternary,0003001402450100,1
1668,,Ternary,0324400020300542,1
1669,,Ternary,0243200000040015,2
1670,,Ternary,3052001442311000,4
1671,,Ternary,3501200000001200,4
1672,,Ternary,1053013403000040,2
1673,,Ternary,0301001000302053,4
1674,,Ternary,4020520030000010,1
1675,,Ternary,1002302040350000,1
1676,,Ternary,0021030001540203,3
1677,,Ternary,1020400050030000,2
1678,,Ternary,1003025100004030,4
1679,,Ternary,4312000150432004,1
1680,,Ternary,1000500420400020,3
1681,,Ternary,0130400000001250,4
1682,,Ternary,0453320003104032,2
1683,,Ternary,0000000400250001,3
1684,,Ternary,0120400050301000,2
1685,,Ternary,1020304123054132,4
1686,,Ternary,0052201000301000,4
1687,,Ternary,1005000200040000,3
1688,,Ternary,1400200052400100,3
1689,,Ternary,2000100050300004,4
1690,,Ternary,1302300401252430,3
1691,,Ternary,0300000100002540,1
1692,,Ternary,1203503020000000,4
1693,,Ternary,1003000000005402,3
1694,,Ternary,0001231040005003,1
1695,,Ternary,0420105020300000,4
1696,,Ternary,1023531040010140,2
1697,,Ternary,3520001021301000,4
1698,,Ternary,1423053200043240,1
1699,,Ternary,1000300000025400,2
1700,,Ternary,5013324000244102,2
1701,,Ternary,0051200440300423,4
1702,,Ternary,0003210540000000,4
1703,,Ternary,4020304052040000,1
1704,,Ternary,0153021440210402,4
1705,,Ternary,3025230441301040,1
1706,,Ternary,1340000301000520,4
1707,,Ternary,1300502000004210,3
1708,,Ternary,0105100320040000,2
1709,,Ternary,3400100520344012,3
1710,,Ternary,0000300403012540,1
1711,,Ternary,0400125020304000,4
1712,,Ternary,0400205000300040,1
1713,,Ternary,0100000000003540,2
1714,,Ternary,4312300521000004,1
1715,,Ternary,0100130020304500,2
1716,,Ternary,1054302100034002,3
1717,,Ternary,1304241330004052,3
1718,,Ternary,0000031000530020,4
1719,,Ternary,5300200001004003,1
1720,,Ternary,0001450003000100,2
1721,,Ternary,0030205400000003,1
1722,,Ternary,1000503020000100,4
1723,,Ternary,1324025120000130,4
1724,,Ternary,1420013250143001,2
1725,,Ternary,0020000000400251,3
1726,,Ternary,1000452001030010,3
1727,,Ternary,0100000025400013,3
1728,,Ternary,3100001025300003,4
1729,,Ternary,0020040013003510,2
1730,,Ternary,1000200000005400,3
1731,,Ternary,4130040120000503,2
1732,,Ternary,4032000020005010,3
1733,,Ternary,1034041023014050,2
1734,,Ternary,3024501200301043,4
1735,,Ternary,1032310523404203,4
1736,,Ternary,0003521010304000,3
1737,,Ternary,1300523020000020,4
1738,,Ternary,1503041040000134,2
1739,,Ternary,1305000400003000,2
1740,,Ternary,1504001302414102,3
1741,,Ternary,0001450003000203,1
1742,,Ternary,1042005342003124,1
1743,,Ternary,1000003400005420,3
1744,,Ternary,4020000050021000,3
1745,,Ternary,1054001002014132,2
1746,,Ternary,2030004000000352,1
1747,,Ternary,1300200001245030,4
1748,,Ternary,0040000200340105,3
1749,,Ternary,0301050401402000,2
1750,,Ternary,1000200004250203,1
1751,,Ternary,0100201030010543,2
1752,,Ternary,1054000200314000,2
1753,,Ternary,1003205400103040,3
1754,,Ternary,4003000003005130,2
1755,,Ternary,4000500200133000,1
1756,,Ternary,2301021440521400,3
1757,,Ternary,4210100020350004,1
1758,,Ternary,1025000200040030,3
1759,,Ternary,0423410253100200,2
1760,,Ternary,4503000002000030,1
1761,,Ternary,1000005401300021,1
1762,,Ternary,3001100450020003,4
1763,,Ternary,4002520000001023,3
1764,,Ternary,5001200440000020,3
1765,,Ternary,5400200000301200,3
1766,,Ternary,3402000420415120,4
1767,,Ternary,4102230400035041,3
1768,,Ternary,4002530400401000,2
1769,,Ternary,1305000200033000,4
1770,,Ternary,0000000403050001,2
1771,,Ternary,0002241042301504,3
1772,,Ternary,0300401500041002,3
1773,,Ternary,2013024510000032,1
1774,,Ternary,2300501040030000,3
1775,,Ternary,0104000334010542,3
1776,,Ternary,0030205402004003,1
1777,,Ternary,0003000140050000,2
1778,,Ternary,0003520030001020,4
1779,,Ternary,1003531040000400,2
1780,,Ternary,5300000010004010,2
1781,,Ternary,0010045320004000,2
1782,,Ternary,2150124000200300,3
1783,,Ternary,0001000020034005,2
1784,,Ternary,2003003003100450,2
1785,,Ternary,3100050442301023,3
1786,,Ternary,5001000023004003,3
1787,,Ternary,1024300002050031,3
1788,,Ternary,4020300050410004,2
1789,,Ternary,0000203442050021,3
1790,,Ternary,1003000030015002,4
1791,,Ternary,1030002000000452,1
1792,,Ternary,1540000023044000,2
1793,,Ternary,0452000010304020,1
1794,,Ternary,0000300150021000,4
1795,,Ternary,0020400201530000,4
1796,,Ternary,5300000010004003,2
1797,,Ternary,0153300000210000,4
1798,,Ternary,3000500420030000,1
1799,,Ternary,4105000220001000,3
1800,,Ternary,1342020445030001,1
1801,,Ternary,1403304023504132,1
1802,,Ternary,0200150440300003,3
1803,,Ternary,5401030000003100,2
1804,,Ternary,1002300400000415,3
1805,,Ternary,3021000020354000,4
1806,,Ternary,1000215000300000,4
1807,,Ternary,0030004210004250,1
1808,,Ternary,4520004003000000,1
1809,,Ternary,0300000002033504,1
1810,,Ternary,2501300040000400,3
1811,,Ternary,2031030500000004,2
1812,,Ternary,5301004320040002,4
1813,,Ternary,0350002000134200,4
1814,,Ternary,4012124005303104,4
1815,,Ternary,0120000004004053,1
1816,,Ternary,1302240000230015,4
1817,,Ternary,1032350440000100,2
1818,,Ternary,1420503203403210,4
1819,,Ternary,0001304002352000,4
1820,,Ternary,1324250031400000,4
1821,,Ternary,4200512000000013,3
1822,,Ternary,5001300000002000,4
1823,,Ternary,3041031000520000,3
1824,,Ternary,3052201440301403,4
1825,,Ternary,3005040000010002,4
1826,,Ternary,2001000050043000,1
1827,,Ternary,0000104020000253,1
1828,,Ternary,2103400003200502,4
1829,,Ternary,1005302403404013,2
1830,,Ternary,0003042000402530,1
1831,,Ternary,4000140003010510,2
1832,,Ternary,4020100253400210,2
1833,,Ternary,0000103500024000,4
1834,,Ternary,0120304123040502,4
1835,,Ternary,4003240500001000,1
1836,,Ternary,1000320050400132,2
1837,,Ternary,4015002302402134,2
1838,,Ternary,0010300050244002,1
1839,,Ternary,3054140000210000,1
1840,,Ternary,2040120054000002,3
1841,,Ternary,0200000015043000,3
1842,,Ternary,1004401504300042,3
1843,,Ternary,1423304003150102,4
1844,,Ternary,0003103000200450,1
1845,,Ternary,3104001020311052,4
1846,,Ternary,0351003421400400,2
1847,,Ternary,1300001441002500,4
1848,,Ternary,5001200000344010,3
1849,,Ternary,0024000020014205,3
1850,,Ternary,4002503400001403,2
1851,,Ternary,2003024053044132,1
1852,,Ternary,1423015023044031,4
1853,,Ternary,0403310000004520,3
1854,,Ternary,1000400150030000,2
1855,,Ternary,5103041020411030,4
1856,,Ternary,1043503040000020,2
1857,,Ternary,0040030441302450,1
1858,,Ternary,3004120004305002,4
1859,,Ternary,1000000000405402,3
1860,,Ternary,1003043001540000,2
1861,,Ternary,0351020000200400,4
1862,,Ternary,0200031500043000,2
1863,,Ternary,0000340050240000,1
1864,,Ternary,3501031220041200,4
1865,,Ternary,0030130420430512,4
1866,,Ternary,5030130020000000,4
1867,,Ternary,0000100050420003,3
1868,,Ternary,0020030000344050,1
1869,,Ternary,0430000025030000,1
1870,,Ternary,0002354021341403,2
1871,,Ternary,0400120025304020,1
1872,,Ternary,5001310000042400,4
1873,,Ternary,1000503403000000,2
1874,,Ternary,4030000000031052,4
1875,,Ternary,4305000102000104,2
1876,,Ternary,1420514020040230,3
1877,,Ternary,0003000052301000,4
1878,,Ternary,1250042100000032,4
1879,,Ternary,1003020120054000,4
1880,,Ternary,0010042030002530,1
1881,,Ternary,0300103221400504,2
1882,,Ternary,1000500424010003,3
1883,,Ternary,1302000020304150,2
1884,,Ternary,3020000320401052,3
1885,,Ternary,1002421303400524,1
1886,,Ternary,0020045100004003,3
1887,,Ternary,0042001040350420,1
1888,,Ternary,1005200400320040,3
1889,,Ternary,0104502030004002,1
1890,,Ternary,4002100450030020,2
1891,,Ternary,0003410005043200,3
1892,,Ternary,0000500410003040,2
1893,,Ternary,2350004001001003,1
1894,,Ternary,0030030002500040,1
1895,,Ternary,0000425024300002,1
1896,,Ternary,2105103404200312,3
1897,,Ternary,3040231440301520,4
1898,,Ternary,4003043030401050,2
1899,,Ternary,1340000402350000,1
1900,,Ternary,4000200000025003,1
1901,,Ternary,2001005440300020,1
1902,,Ternary,0001504030042413,1
1903,,Ternary,0100104000314503,2
1904,,Ternary,4520000203003000,1
1905,,Ternary,1420350220144001,1
1906,,Ternary,3104004020000253,1
1907,,Ternary,1034002523410410,3
1908,,Ternary,0400000240153000,3
1909,,Ternary,0001001000340253,4
1910,,Ternary,2400021503023124,3
1911,,Ternary,0001040510000002,3
1912,,Ternary,1003040041052004,2
1913,,Ternary,4302040100402530,1
1914,,Ternary,1000400220530240,1
1915,,Ternary,3001020051044002,2
1916,,Ternary,0513240001001000,2
1917,,Ternary,4000001220500043,3
1918,,Ternary,0400510023004010,3
1919,,Ternary,0001045000100020,3
1920,,Ternary,0001200500300003,4
1921,,Ternary,3450100220004013,2
1922,,Ternary,1400000020005040,3
1923,,Ternary,1300000300450231,2
1924,,Ternary,1403350220140201,1
1925,,Ternary,0400234000001250,3
1926,,Ternary,4305000400000412,1
1927,,Ternary,5041230401301403,3
1928,,Ternary,0201230040350423,2
1929,,Ternary,3140205040300000,1
1930,,Ternary,4000040000003510,2
1931,,Ternary,5301000400304000,2
1932,,Ternary,2000000053103000,4
1933,,Ternary,1043200101205300,4
1934,,Ternary,4300001000045102,3
1935,,Ternary,3000205400300400,1
1936,,Ternary,0403015223403200,3
1937,,Ternary,1042503400000400,2
1938,,Ternary,2051300000000040,3
1939,,Ternary,0350001002000042,2
1940,,Ternary,0043123040050002,1
1941,,Ternary,2001500300001030,4
1942,,Ternary,5420300003004000,1
1943,,Ternary,0000300400201450,3
1944,,Ternary,3040230441201450,3
1945,,Ternary,1400231040350201,2
1946,,Ternary,1500300003000400,2
1947,,Ternary,4002003450201000,3
1948,,Ternary,1003403000100250,4
1949,,Ternary,4020000000003054,1
1950,,Ternary,4000100520030002,4
1951,,Ternary,0030025420401000,1
1952,,Ternary,2000004201250013,4
1953,,Ternary,0300100500040003,2
1954,,Ternary,2350000400004013,4
1955,,Ternary,1300500420030201,3
1956,,Ternary,4051020000031030,2
1957,,Ternary,0032510020403214,4
1958,,Ternary,5203000000004300,1
1959,,Ternary,3000205441301000,1
1960,,Ternary,1400000020045130,4
1961,,Ternary,1403314220540230,1
1962,,Ternary,0402010425400000,3
1963,,Ternary,0000001500430204,2
1964,,Ternary,1000500200103041,4
1965,,Ternary,3024150023000203,4
1966,,Ternary,4000100052400000,3
1967,,Ternary,0400410220003501,2
1968,,Ternary,0300000000004510,2
1969,,Ternary,5300010020004000,1
1970,,Ternary,4020503021400000,1
1971,,Ternary,1000001052400000,3
1972,,Ternary,0421000021431250,3
1973,,Ternary,0205000400001003,1
1974,,Ternary,0300010420054001,3
1975,,Ternary,0302000010003105,4
1976,,Ternary,0000014500043002,3
1977,,Ternary,3052031400311400,4
1978,,Ternary,3000001020300450,2
1979,,Ternary,0000103450230000,4
1980,,Ternary,0000004030001052,3
1981,,Ternary,1004001000013052,4
1982,,Ternary,0541231440020403,2
1983,,Ternary,4020023020000452,1
1984,,Ternary,0541231441201000,2
1985,,Ternary,3001031451020423,4
1986,,Ternary,0020053031400410,2
1987,,Ternary,4020523031000010,1
1988,,Ternary,5001000020304002,3
1989,,Ternary,1000504220000013,3
1990,,Ternary,1020500324000000,4
1991,,Ternary,0001031040050002,3
1992,,Ternary,0000350002301400,1
1993,,Ternary,3000000000104250,3
1994,,Ternary,0002035400201000,1
1995,,Ternary,5001300000044100,2
1996,,Ternary,0003510220144030,3
1997,,Ternary,3042100340050010,1
1998,,Ternary,0000530400001000,2
1999,,Ternary,1025400000030000,4
2000,,Ternary,0034341021034050,2
2001,,Ternary,0104000035201002,4
2002,,Ternary,1300450100020000,2
2003,,Ternary,1000250103000000,4
2004,,Ternary,2001020051400004,3
2005,,Ternary,3000000050234002,1
2006,,Ternary,0100000000003502,4
2007,,Ternary,4350300002042410,2
2008,,Ternary,1023031500404102,4
2009,,Ternary,4312520120000000,3
2010,,Ternary,1000540131000000,2
2011,,Ternary,0001000220000235,4
2012,,Ternary,0325100420000412,1
2013,,Ternary,2000025400300000,1
2014,,Ternary,0351120401403402,2
2015,,Ternary,0000001000302050,4
2016,,Ternary,0401000003053004,2
2017,,Ternary,2401510203044203,3
2018,,Ternary,0030310203540020,1
2019,,Ternary,0000230030405100,4
2020,,Ternary,3041140303144052,3
2021,,Ternary,1423310220544030,1
2022,,Ternary,1020200042300150,4
2023,,Ternary,1342240100200514,2
2024,,Ternary,0103425030100004,3
2025,,Ternary,3520010400000010,4
2026,,Ternary,4000000030105402,1
2027,,Ternary,4123003223040541,2
2028,,Ternary,1200450100000000,3
2029,,Ternary,4021340520430230,2
2030,,Ternary,1025000400003000,3
2031,,Ternary,0300200430251000,1
2032,,Ternary,1023013203043051,4
2033,,Ternary,0024400000003150,4
2034,,Ternary,5100000030004002,2
2035,,Ternary,0100100354200000,3
2036,,Ternary,0013000020300052,4
2037,,Ternary,0543040020144132,2
2038,,Ternary,0020400003420053,1
2039,,Ternary,5030400020000001,1
2040,,Ternary,0400100220540013,3
2041,,Ternary,0534000121000002,2
2042,,Ternary,0003052003100100,4
2043,,Ternary,2054100000204010,3
2044,,Ternary,0000200030150002,4
2045,,Ternary,0003540032002004,1
2046,,Ternary,0000004500010002,3
2047,,Ternary,3025100200044210,1
2048,,Ternary,0453320000004010,2
2049,,Ternary,0300104020040512,4
2050,,Ternary,0020230051404000,3
2051,,Ternary,4020000000341050,4
2052,,Ternary,0000200401350000,2
2053,,Ternary,2301021450304103,1
2054,,Ternary,0001231440325403,1
2055,,Ternary,1032200000004250,1
2056,,Ternary,0100030420354000,1
2057,,Ternary,3105000440301420,2
2058,,Ternary,5010400020000230,3
2059,,Ternary,3052201442001400,4
2060,,Ternary,0000100053043000,2
2061,,Ternary,3000025400404010,3
2062,,Ternary,2400320005300004,1
2063,,Ternary,4003001223400254,3
2064,,Ternary,1240540030000002,2
2065,,Ternary,3000000050204200,1
2066,,Ternary,0054002320004132,1
2067,,Ternary,0503020000000104,4
2068,,Ternary,0203100520400004,2
2069,,Ternary,0300001301450034,2
2070,,Ternary,1540000003000020,2
2071,,Ternary,4300500321000002,1
2072,,Ternary,0103003000204050,1
2073,,Ternary,1203040030540010,2
2074,,Ternary,4001501300000100,2
2075,,Ternary,5001200000004002,3
2076,,Ternary,5302200010000004,4
2077,,Ternary,4301000421050430,3
2078,,Ternary,0020000312053000,4
2079,,Ternary,0000100020300452,1
2080,,Ternary,0504001042000100,3
2081,,Ternary,0140123453002413,4
2082,,Ternary,0001400223050200,4
2083,,Ternary,0001104520000003,2
2084,,Ternary,3050001400021040,2
2085,,Ternary,2000021503403004,3
2086,,Ternary,2000100050230040,4
2087,,Ternary,0100502030001030,4
2088,,Ternary,0000004100001052,3
2089,,Ternary,0001405020300020,1
2090,,Ternary,3040030040301050,2
2091,,Ternary,2100504000001403,3
2092,,Ternary,4001501021400034,3
2093,,Ternary,2050004100000130,1
2094,,Ternary,1000540200000020,3
2095,,Ternary,0001200000025403,1
2096,,Ternary,0400054223000000,1
2097,,Ternary,1503003400003401,2
2098,,Ternary,1003250400014310,1
2099,,Ternary,0143123403025420,3
2100,,Ternary,0000320500040420,1
2101,,Ternary,1340203402150401,3
2102,,Ternary,1530340221004021,2
2103,,Ternary,2100020435204012,4
2104,,Ternary,0024501021004000,3
2105,,Ternary,4100000032000504,3
2106,,Ternary,2040503400000100,1
2107,,Ternary,1200350000012100,4
2108,,Ternary,2503001040001400,1
2109,,Ternary,0254001000003000,3
2110,,Ternary,0002100050403000,2
2111,,Ternary,0000020400004510,3
2112,,Ternary,0001003042500024,1
2113,,Ternary,1005000400030000,2
2114,,Ternary,0423315023140000,4
2115,,Ternary,5401104020000013,3
2116,,Ternary,0302350401200000,2
2117,,Ternary,1023000020004051,3
2118,,Ternary,3024501020010000,4
2119,,Ternary,2013320010044052,3
2120,,Ternary,4213042500001042,1
2121,,Ternary,3020000004304052,1
2122,,Ternary,0002201040315100,3
2123,,Ternary,0150040000304020,4
2124,,Ternary,0000000400000135,2
2125,,Ternary,4025010200030000,1
2126,,Ternary,0150000420311342,2
2127,,Ternary,1200500240000040,3
2128,,Ternary,0503020000000432,1
2129,,Ternary,0102300104202510,3
2130,,Ternary,1400010025044000,3
2131,,Ternary,0002030005344100,2
2132,,Ternary,2143123003005410,3
2133,,Ternary,1000450320000100,2
2134,,Ternary,0032000030454003,1
2135,,Ternary,2000020050014310,3
2136,,Ternary,1503040000004002,2
2137,,Ternary,0400000203054201,4
2138,,Ternary,4520000021400000,3
2139,,Ternary,1023200540013000,4
2140,,Ternary,0532300003000100,4
2141,,Ternary,0000320500041000,1
2142,,Ternary,0052000020304013,4
2143,,Ternary,1520310223044031,4
2144,,Ternary,0001235000001043,1
2145,,Ternary,4032230404215043,1
2146,,Ternary,2341003450104103,3
2147,,Ternary,4520000003001000,1
2148,,Ternary,0502230001000000,4
2149,,Ternary,2104120534204002,3
2150,,Ternary,5320000010000013,4
2151,,Ternary,2350040000140030,4
2152,,Ternary,3000001003402050,3
2153,,Ternary,0321023451402013,3
2154,,Ternary,0024000020314050,1
2155,,Ternary,4100324150140402,2
2156,,Ternary,0020105020304003,4
2157,,Ternary,5201231440320003,3
2158,,Ternary,0420050221044010,3
2159,,Ternary,1053001403414002,2
2160,,Ternary,1402520003403104,4
2161,,Ternary,2504000000010130,3
2162,,Ternary,1302250141000014,4
2163,,Ternary,4015040330402034,2
2164,,Ternary,4350042002430104,1
2165,,Ternary,4010305000402004,2
2166,,Ternary,0002342050432134,1
2167,,Ternary,0130052424000001,3
2168,,Ternary,1504400000030201,3
2169,,Ternary,0000001000400052,3
2170,,Ternary,3100521020000004,4
2171,,Ternary,4001004500020000,3
2172,,Ternary,0000103453002000,4
2173,,Ternary,0504000223000210,1
2174,,Ternary,0401000025300013,1
2175,,Ternary,3501000401000400,2
2176,,Ternary,5031302003004000,2
2177,,Ternary,2003001054300000,1
2178,,Ternary,0020430000301050,4
2179,,Ternary,2003300050240002,1
2180,,Ternary,3142531040300020,2
2181,,Ternary,1400300223054001,4
2182,,Ternary,0210000200003054,2
2183,,Ternary,4102042050432010,1
2184,,Ternary,1003003223500040,1
2185,,Ternary,4502000101000003,3
2186,,Ternary,4000200100005003,1
2187,,Ternary,5043200000004000,1
2188,,Ternary,0103235030141032,4
2189,,Ternary,5001200400004000,3
2190,,Ternary,0513030100241432,2
2191,,Ternary,1300003101450402,3
2192,,Ternary,0300021300020524,1
2193,,Ternary,2100400034000542,3
2194,,Ternary,1200000445300020,1
2195,,Ternary,4000500300021004,2
2196,,Ternary,0000000421050000,3
2197,,Ternary,1342240030244035,1
2198,,Ternary,1020410000003051,4
2199,,Ternary,4000000203002540,1
2200,,Ternary,0400035120400004,2
2201,,Ternary,1000403000130250,4
2202,,Ternary,0310020000020453,2
2203,,Ternary,0102000040350003,1
2204,,Ternary,0003200032501040,1
2205,,Ternary,1500030440000240,4
2206,,Ternary,5100200032000004,4
2207,,Ternary,0521030040300000,4
2208,,Ternary,1420230041300054,1
2209,,Ternary,5003200000204000,1
2210,,Ternary,0240130000520013,3
2211,,Ternary,0030300023405010,4
2212,,Ternary,0400015200403200,3
2213,,Ternary,0105004030140402,3
2214,,Ternary,0000100452003000,4
2215,,Ternary,3002205400300420,1
2216,,Ternary,0423320020040530,1
2217,,Ternary,3000540010000000,2
2218,,Ternary,0000003401530021,4
2219,,Ternary,5304041020404031,1
2220,,Ternary,0352004000301400,1
2221,,Ternary,0300123440003015,2
2222,,Ternary,3420000020340513,2
2223,,Ternary,0300503420030400,1
2224,,Ternary,0153042010004000,4
2225,,Ternary,1020400052000100,3
2226,,Ternary,4310000034202500,1
2227,,Ternary,0001020321045410,3
2228,,Ternary,0305100400203002,1
2229,,Ternary,0004105320404002,2
2230,,Ternary,1005000403000102,3
2231,,Ternary,0001400020005203,1
2232,,Ternary,0003023030004051,2
2233,,Ternary,0300503401402013,1
2234,,Ternary,0000001500421034,3
2235,,Ternary,1023521003014002,3
2236,,Ternary,0000021500004003,4
2237,,Ternary,0104000030015012,4
2238,,Ternary,0543000040020100,2
2239,,Ternary,5410300010000000,2
2240,,Ternary,1054040030014032,2
2241,,Ternary,0201031000420053,2
2242,,Ternary,3000500420000003,1
2243,,Ternary,4020501020000000,3
2244,,Ternary,0402300420005010,4
2245,,Ternary,0003003023050001,4
2246,,Ternary,2000100050140000,3
2247,,Ternary,0420014203050201,4
2248,,Ternary,1003000020050231,4
2249,,Ternary,1304200300005410,3
2250,,Ternary,1350320441230001,4
2251,,Ternary,5300200000241000,4
2252,,Ternary,0350000100404013,2
2253,,Ternary,0000201032500004,4
2254,,Ternary,0320000000003054,1
2255,,Ternary,0100524020001003,3
2256,,Ternary,4200530000001000,2
2257,,Ternary,0451000020344000,2
2258,,Ternary,1020320124054132,3
2259,,Ternary,1003000053002104,4
2260,,Ternary,2001000030050204,2
2261,,Ternary,4005000130000032,3
2262,,Ternary,3042530400002400,1
2263,,Ternary,2305041040231034,1
2264,,Ternary,0340510020004003,3
2265,,Ternary,3040145000044020,3
2266,,Ternary,1200500403003000,2
2267,,Ternary,1423010203104051,3
2268,,Ternary,0403300005204102,3
2269,,Ternary,1000400003400512,4
2270,,Ternary,0423020020454030,1
2271,,Ternary,2103020443201450,3
2272,,Ternary,0001100050420000,3
2273,,Ternary,5030014213044003,2
2274,,Ternary,2103023400103520,4
2275,,Ternary,3051230440201400,4
2276,,Ternary,0000001341053000,2
2277,,Ternary,1530020020400100,4
2278,,Ternary,4300000102052004,3
2279,,Ternary,0103120004254312,1
2280,,Ternary,4030200400015043,1
2281,,Ternary,1000004000340052,1
2282,,Ternary,1043200403153000,2
2283,,Ternary,0000302103050032,4
2284,,Ternary,0004001504000002,3
2285,,Ternary,2000020351004002,3
2286,,Ternary,0000530020001040,4
2287,,Ternary,2000000450301300,4
2288,,Ternary,4105000000040002,3
2289,,Ternary,0030200404250003,1
2290,,Ternary,0000100454003100,2
2291,,Ternary,0020000203544000,1
2292,,Ternary,0020231041301540,2
2293,,Ternary,0001000020054013,4
2294,,Ternary,1030300451400000,2
2295,,Ternary,1003300250040000,2
2296,,Ternary,0521031040000200,4
2297,,Ternary,3042135000104000,2
2298,,Ternary,0324400020000512,4
2299,,Ternary,0100154023000000,2
2300,,Ternary,1025001020043000,3
2301,,Ternary,4320000400020453,1
2302,,Ternary,3052231440011020,4
2303,,Ternary,0000543020040000,1
2304,,Ternary,3002035420004010,2
2305,,Ternary,0010000100002054,3
2306,,Ternary,3000001000204050,3
2307,,Ternary,4050002100031030,1
2308,,Ternary,1000513020040000,4
2309,,Ternary,4000302152030000,1
2310,,Ternary,4002035404211043,1
2311,,Ternary,4002000320000405,1
2312,,Ternary,2030000013050004,2
2313,,Ternary,0010400000003052,4
2314,,Ternary,0054001300300102,2
2315,,Ternary,3000002101401050,3
2316,,Ternary,0020400020005003,1
2317,,Ternary,0352120000433000,1
2318,,Ternary,0200030420030540,1
2319,,Ternary,4052001000201000,3
2320,,Ternary,0104100534204312,3
2321,,Ternary,0400410020005030,1
2322,,Ternary,0325103020433014,1
2323,,Ternary,2503314203200000,4
2324,,Ternary,4002125000300120,4
2325,,Ternary,4003020500011040,4
2326,,Ternary,1500230040300241,4
2327,,Ternary,0000120500004003,4
2328,,Ternary,2051004030000000,3
2329,,Ternary,1300002420004051,3
2330,,Ternary,4032542030410004,1
2331,,Ternary,4002103450200100,3
2332,,Ternary,1302420000035020,3
2333,,Ternary,3040540321000000,1
2334,,Ternary,2401400051400000,3
2335,,Ternary,0001024003050004,2
2336,,Ternary,0123053020103240,4
2337,,Ternary,0020200000304050,1
2338,,Ternary,0002215040300000,4
2339,,Ternary,4000000320400215,4
2340,,Ternary,2030030000204050,1
2341,,Ternary,0000400203400514,2
2342,,Ternary,0100031034500000,2
2343,,Ternary,1500240003000000,2
2344,,Ternary,3504100020404213,1
2345,,Ternary,4001000020350002,4
2346,,Ternary,4012000452003000,1
2347,,Ternary,4000230050030000,1
2348,,Ternary,2000003000540020,1
2349,,Ternary,5103200000001000,4
2350,,Ternary,0003000041050320,2
2351,,Ternary,4302000010000135,4
2352,,Ternary,1000523000000402,4
2353,,Ternary,0003203500100201,4
2354,,Ternary,0302510040003020,2
2355,,Ternary,3150004140001002,2
2356,,Ternary,4012002100530100,4
2357,,Ternary,0305000420000412,1
2358,,Ternary,0020000432500010,4
2359,,Ternary,3401031520400234,2
2360,,Ternary,0000120304254012,1
2361,,Ternary,1430200101540213,2
2362,,Ternary,0000520400001420,3
2363,,Ternary,5030230400401003,4
2364,,Ternary,0000120020404503,1
2365,,Ternary,0020501320311000,4
2366,,Ternary,3100154003000000,2
2367,,Ternary,4501000003002000,2
2368,,Ternary,1032300403054000,1
2369,,Ternary,1020301023500100,4
2370,,Ternary,0002302001304050,1
2371,,Ternary,0130000034010502,3
2372,,Ternary,0453300100204100,1
2373,,Ternary,1003003250403000,2
2374,,Ternary,2340000200000514,2
2375,,Ternary,1205000400000000,3
2376,,Ternary,1203350440000000,1
2377,,Ternary,0501300003200400,2
2378,,Ternary,1020000101004350,1
2379,,Ternary,1000400234500010,2
2380,,Ternary,3021531000404130,2
2381,,Ternary,0354020001001023,1
2382,,Ternary,0520010003044000,4
2383,,Ternary,1024245000004210,3
2384,,Ternary,2450024040321300,1
2385,,Ternary,5400200000001000,3
2386,,Ternary,4100200054030210,1
2387,,Ternary,0000103420054003,1
2388,,Ternary,2400000050103104,4
2389,,Ternary,0000000220044035,1
2390,,Ternary,2013324050240102,1
2391,,Ternary,2051000410400010,3
2392,,Ternary,5023413223000240,1
2393,,Ternary,1043500230000000,4
2394,,Ternary,1203350400000400,1
2395,,Ternary,3021230001321053,4
2396,,Ternary,0040035130100100,2
2397,,Ternary,0250001441300003,4
2398,,Ternary,5001200000043000,4
2399,,Ternary,2350040100434000,1
2400,,Ternary,0000200405414300,2
2401,,Ternary,2030000041001052,4
2402,,Ternary,3100034025014013,4
2403,,Ternary,1020000020005040,3
2404,,Ternary,0130020420401050,2
2405,,Ternary,2350001441231000,4
2406,,Ternary,0043002040001050,3
2407,,Ternary,0003324023140452,3
2408,,Ternary,1000000002540132,1
2409,,Ternary,0030205400010000,1
2410,,Ternary,0524201342311300,1
2411,,Ternary,1000020005300104,4
2412,,Ternary,4312024000002050,3
2413,,Ternary,0520010013400010,4
2414,,Ternary,1000020035400000,1
2415,,Ternary,3051104000344002,2
2416,,Ternary,1000500430400002,2
2417,,Ternary,0201000420053040,3
2418,,Ternary,0000205302401004,1
2419,,Ternary,3000000040312450,1
2420,,Ternary,3050042041000010,4
2421,,Ternary,0400000021050034,3
2422,,Ternary,3002040020004035,1
2423,,Ternary,0002031401233051,4
2424,,Ternary,0042235000300400,1
2425,,Ternary,5300002420004001,1
2426,,Ternary,0001002003422053,1
2427,,Ternary,1203400234500010,2
2428,,Ternary,0000100025400300,1
2429,,Ternary,4520000221301000,3
2430,,Ternary,1300300042000540,1
2431,,Ternary,0301003401002405,3
2432,,Ternary,2301020440251400,3
2433,,Ternary,1450300140020134,2
2434,,Ternary,0312000104052000,3
2435,,Ternary,0000201532000004,3
2436,,Ternary,1000000320050401,4
2437,,Ternary,2050004030000010,3
2438,,Ternary,1000021500030000,4
2439,,Ternary,4302000054201000,3
2440,,Ternary,0024100023415203,4
2441,,Ternary,2001003200003005,4
2442,,Ternary,2103425030100000,3
2443,,Ternary,4000300052400030,1
2444,,Ternary,1420314003040251,3
2445,,Ternary,1003210500003200,4
2446,,Ternary,0520000003003100,4
2447,,Ternary,0031300052400010,1
2448,,Ternary,5302010004004010,1
2449,,Ternary,0000400050103001,2
2450,,Ternary,3020005100400000,3
2451,,Ternary,4100102332400514,3
2452,,Ternary,1504023000000412,3
2453,,Ternary,1002000041053000,3
2454,,Ternary,3052120420400000,1
2455,,Ternary,1004542020430000,3
2456,,Ternary,2000001504320003,4
2457,,Ternary,0002000410253000,3
2458,,Ternary,2051000310400010,3
2459,,Ternary,0000020140351020,2
2460,,Ternary,1243002030500000,1
2461,,Ternary,0003100043050002,1
2462,,Ternary,1500000224000240,3
2463,,Ternary,0024034040031052,3
2464,,Ternary,4300520001031032,3
2465,,Ternary,3040130001520003,3
2466,,Ternary,2350010440100000,4
2467,,Ternary,1004003520003001,2
2468,,Ternary,3001205401321403,1
2469,,Ternary,0000000021050003,4
2470,,Ternary,2050001303400000,3
2471,,Ternary,1400300050400000,2
2472,,Ternary,1302000040005020,3
2473,,Ternary,1040302052000400,4
2474,,Ternary,0000100050203004,4
2475,,Ternary,1023354023044102,2
2476,,Ternary,2000000430054302,1
2477,,Ternary,0001003030104050,2
2478,,Ternary,1320401524003002,3
2479,,Ternary,2030001002500000,4
2480,,Ternary,5024200030400200,1
2481,,Ternary,1020020030005400,2
2482,,Ternary,3420500201044010,1
2483,,Ternary,5203000030001000,4
2484,,Ternary,1503231000400201,4
2485,,Ternary,4023041023001530,2
2486,,Ternary,0140532040000000,1
2487,,Ternary,0352001040030000,4
2488,,Ternary,5340000402302000,1
2489,,Ternary,5201000440320000,3
2490,,Ternary,1002450001030200,3
2491,,Ternary,1032420025400124,3
2492,,Ternary,1024300020350000,1
2493,,Ternary,4001000020030215,4
2494,,Ternary,3421200003450010,2
2495,,Ternary,2054120034014312,3
2496,,Ternary,0351000221431000,2
2497,,Ternary,1020013025400000,3
2498,,Ternary,4000300052030030,1
2499,,Ternary,4000502320000100,1
2500,,Ternary,3024021520301042,3
2501,,Ternary,0523200041000000,4
2502,,Ternary,0023235030410102,1
2503,,Ternary,0124501324301042,4
2504,,Ternary,2013304005244100,3
2505,,Ternary,2043320403251400,1
2506,,Ternary,0002100454033000,2
2507,,Ternary,4030100052400014,3
2508,,Ternary,3000010050234000,1
2509,,Ternary,0420015020001040,3
2510,,Ternary,1005400000030002,4
2511,,Ternary,1520304123040132,4
2512,,Ternary,0000010023403250,1
2513,,Ternary,4021120050430412,2
2514,,Ternary,1032405023003124,1
2515,,Ternary,5103400030000000,2
2516,,Ternary,1000020021405410,3
2517,,Ternary,0020500130402400,4
2518,,Ternary,0100200402350403,1
2519,,Ternary,1025003403003040,3
2520,,Ternary,0240135000320003,2
2521,,Ternary,4310020050032000,1
2522,,Ternary,2004400050030002,1
2523,,Ternary,5003000010004020,2
2524,,Ternary,1400200050040000,3
2525,,Ternary,3040501441300403,2
2526,,Ternary,0000001420054003,1
2527,,Ternary,2401054241003004,3
2528,,Ternary,3450020020034012,2
2529,,Ternary,5023400203000000,1
2530,,Ternary,1000000300040425,1
2531,,Ternary,1023400500000002,1
2532,,Ternary,1003010023004530,2
2533,,Ternary,1403320020344510,3
2534,,Ternary,4302054100000403,2
2535,,Ternary,1003020025044312,1
2536,,Ternary,0000020100004035,2
2537,,Ternary,0100100003200512,4
2538,,Ternary,0000001500041003,2
2539,,Ternary,1030200050030000,4
2540,,Ternary,4301020320340452,1
2541,,Ternary,1024403000000251,4
2542,,Ternary,2510003034200000,3
2543,,Ternary,0003013220540400,1
2544,,Ternary,0040100053002100,4
2545,,Ternary,4103200032000530,4
2546,,Ternary,5001400020040000,3
2547,,Ternary,0420030025300001,1
2548,,Ternary,2001003230104053,2
2549,,Ternary,0302300042002510,4
2550,,Ternary,1005320423404032,3
2551,,Ternary,0002450003000100,2
2552,,Ternary,1503200000000400,2
2553,,Ternary,0020040023053004,1
2554,,Ternary,3020230401501043,3
2555,,Ternary,0400300200040035,1
2556,,Ternary,4100500203001000,3
2557,,Ternary,0003342100540030,1
2558,,Ternary,4310345020040040,2
2559,,Ternary,2000401500420104,3
2560,,Ternary,0541231441320003,2
2561,,Ternary,5010400000302000,3
2562,,Ternary,0023020123054130,4
2563,,Ternary,1520000003004002,4
2564,,Ternary,4312120000343450,2
2565,,Ternary,4002100300450130,1
2566,,Ternary,1420014223040251,3
2567,,Ternary,0000300052001000,4
2568,,Ternary,0000000001540420,3
2569,,Ternary,1023320500414130,4
2570,,Ternary,4000501220000000,3
2571,,Ternary,2401054240100104,3
2572,,Ternary,4000000320405010,3
2573,,Ternary,1003230040050041,2
2574,,Ternary,3000035440300020,1
2575,,Ternary,4100004030105402,1
2576,,Ternary,1420350220040201,1
2577,,Ternary,0000031500003004,2
2578,,Ternary,4320120520430410,4
2579,,Ternary,1305300200030000,4
2580,,Ternary,5320200001004000,1
2581,,Ternary,2000000050304003,1
2582,,Ternary,0305100221400014,1
2583,,Ternary,5201341003040043,4
2584,,Ternary,1002254001040213,3
2585,,Ternary,4013040101250300,4
2586,,Ternary,0000512010004013,3
2587,,Ternary,0001130020354000,4
2588,,Ternary,1020020005044300,1
2589,,Ternary,0000004003501023,1
2590,,Ternary,0200001030005024,1
2591,,Ternary,5001300000404000,2
2592,,Ternary,0000520403001030,3
2593,,Ternary,2301000001031405,2
2594,,Ternary,0030130500030004,2
2595,,Ternary,0300420020400512,4
2596,,Ternary,1000400520030001,2
2597,,Ternary,0000200430251003,1
2598,,Ternary,1000520030420430,4
2599,,Ternary,2450001000003000,3
2600,,Ternary,1003010040005420,3
2601,,Ternary,1003000021340452,1
2602,,Ternary,1023320053040130,2
2603,,Ternary,0003010023000541,2
2604,,Ternary,0001304520000000,2
2605,,Ternary,0153000000204002,4
2606,,Ternary,0003001500002004,2
2607,,Ternary,4000510000003000,2
2608,,Ternary,0001200041050423,2
2609,,Ternary,3005000401022410,1
2610,,Ternary,4001502323000100,1
2611,,Ternary,1002501420010020,3
2612,,Ternary,0402300003000520,1
2613,,Ternary,0350100000200010,4
2614,,Ternary,3502030001001000,4
2615,,Ternary,2001425000300000,1
2616,,Ternary,0320000221434500,2
2617,,Ternary,0420010025000000,3
2618,,Ternary,5034000010000213,2
2619,,Ternary,4023243032041500,3
2620,,Ternary,1000023151402014,3
2621,,Ternary,3001134025044003,1
2622,,Ternary,0143000040050402,1
2623,,Ternary,0000000203053021,4
2624,,Ternary,0001400010405200,3
2625,,Ternary,5001043220403214,4
2626,,Ternary,2000003401050402,3
2627,,Ternary,4000000050301003,2
2628,,Ternary,0030020000004510,3
2629,,Ternary,0000100500040002,3
2630,,Ternary,4501000003103000,2
2631,,Ternary,0300041330454032,1
2632,,Ternary,1003300041052000,2
2633,,Ternary,0002140500000004,3
2634,,Ternary,0000230500030204,1
2635,,Ternary,0000001243050040,1
2636,,Ternary,1000040500034201,2
2637,,Ternary,0031030435020410,1
2638,,Ternary,5003231040000200,1
2639,,Ternary,2000000100034005,2
2640,,Ternary,3401500200304200,1
2641,,Ternary,2001004200003005,4
2642,,Ternary,0000420500031002,1
2643,,Ternary,1420013200540000,1
2644,,Ternary,0340000000530421,1
2645,,Ternary,5021030000004010,3
2646,,Ternary,1000041500000002,3
2647,,Ternary,3040231440021005,3
2648,,Ternary,4002200030050004,1
2649,,Ternary,2000104000000352,1
2650,,Ternary,0000200403150000,2
2651,,Ternary,1340340000002500,1
2652,,Ternary,1025000020044312,3
2653,,Ternary,0300500420001000,3
2654,,Ternary,3000040321050002,4
2655,,Ternary,5400230000023000,1
2656,,Ternary,2300023401253402,3
2657,,Ternary,3420010250140203,2
2658,,Ternary,0024030520011000,2
2659,,Ternary,1304241332500002,4
2660,,Ternary,5002000010303000,4
2661,,Ternary,0541031040300400,2
2662,,Ternary,1040053402000400,1
2663,,Ternary,1300200050040000,3
2664,,Ternary,0140200400300523,4
2665,,Ternary,3040205042300003,1
2666,,Ternary,4210000000002450,3
2667,,Ternary,4100020000001504,3
2668,,Ternary,0012500430001003,2
2669,,Ternary,0403300141000520,3
2670,,Ternary,0410310000300054,2
2671,,Ternary,0003000402454310,1
2672,,Ternary,1020320423404502,1
2673,,Ternary,1300003042500400,1
2674,,Ternary,4002210500030200,4
2675,,Ternary,0040200040305003,1
2676,,Ternary,1000301000005040,2
2677,,Ternary,2300020441005032,1
2678,,Ternary,0000001441050003,2
2679,,Ternary,4015042001430030,2
2680,,Ternary,1003201000015140,3
2681,,Ternary,0003301023500400,4
2682,,Ternary,1020540020400231,3
2683,,Ternary,1350012020010010,4
2684,,Ternary,0000140023000510,2
2685,,Ternary,4350120000400010,2
2686,,Ternary,0400001000003250,4
2687,,Ternary,3042230000301050,2
2688,,Ternary,1020000020004150,3
2689,,Ternary,3504001000301200,1
2690,,Ternary,3012030121005004,1
2691,,Ternary,0000200401250000,3
2692,,Ternary,4010000020005102,3
2693,,Ternary,1043000140050000,2
2694,,Ternary,4001541000302043,3
2695,,Ternary,0020030004504013,3
2696,,Ternary,0020205301404200,1
2697,,Ternary,5030200000001000,4
2698,,Ternary,2001500300041000,4
2699,,Ternary,2003450100001300,2
2700,,Ternary,0251340021430000,3
2701,,Ternary,0021430020350000,4
2702,,Ternary,1023400001402015,4
2703,,Ternary,5041230040320003,3
2704,,Ternary,4030230400001250,4
2705,,Ternary,2000020430154000,2
2706,,Ternary,1020000050043000,2
2707,,Ternary,4312325020001403,4
2708,,Ternary,1340021301345420,3
2709,,Ternary,1000235000404030,1
2710,,Ternary,1023403030510000,4
2711,,Ternary,4321004312053010,4
2712,,Ternary,1423310220144050,3
2713,,Ternary,2031004053040213,1
2714,,Ternary,5301000012002000,4
2715,,Ternary,0200541000003004,2
2716,,Ternary,1003003200002054,1
2717,,Ternary,3401030025004000,1
2718,,Ternary,1000501240030000,3
2719,,Ternary,5004100030000020,2
2720,,Ternary,0003050243002104,4
2721,,Ternary,1400035200000240,1
2722,,Ternary,0200050400003100,3
2723,,Ternary,1024041302353040,1
2724,,Ternary,0451000323004132,2
2725,,Ternary,4000040003002530,1
2726,,Ternary,0030020400014150,2
2727,,Ternary,0000125020404010,3
2728,,Ternary,2503004003000130,4
2729,,Ternary,2040400350300100,1
2730,,Ternary,0150000040301020,4
2731,,Ternary,3102201002311503,4
2732,,Ternary,0000153034004012,2
2733,,Ternary,0103021500000002,4
2734,,Ternary,4300300121050403,4
2735,,Ternary,4010520001433000,1
2736,,Ternary,0003020400251400,1
2737,,Ternary,0423053230410010,1
2738,,Ternary,3002041500301000,3
2739,,Ternary,1000200050030010,4
2740,,Ternary,1000503400030400,2
2741,,Ternary,1500400224000201,3
2742,,Ternary,0100021320300504,3
2743,,Ternary,0000100005420304,1
2744,,Ternary,1000013040500020,1
2745,,Ternary,0351421300201402,4
2746,,Ternary,1300003030540010,2
2747,,Ternary,0341020040351000,2
2748,,Ternary,0400015010304020,4
2749,,Ternary,1403300223044501,2
2750,,Ternary,5201201040000000,3
2751,,Ternary,1403203052400000,3
2752,,Ternary,1000003430050002,1
2753,,Ternary,0105000320040020,2
2754,,Ternary,3052201040200200,4
2755,,Ternary,0040100300040105,2
2756,,Ternary,3040501440000020,2
2757,,Ternary,4012342102030534,1
2758,,Ternary,5104004034010010,2
2759,,Ternary,1000000423050000,1
2760,,Ternary,4100000152001000,3
2761,,Ternary,0523401221303040,4
2762,,Ternary,0041040023054000,4
2763,,Ternary,3001001341000025,4
2764,,Ternary,4005120020030002,1
2765,,Ternary,0004001032050102,1
2766,,Ternary,0130000030001250,4
2767,,Ternary,4020040020005030,1
2768,,Ternary,4000020301053002,4
2769,,Ternary,1003020003014500,1
2770,,Ternary,0030140023140152,4
2771,,Ternary,0000200000005104,3
2772,,Ternary,0000024000031052,3
2773,,Ternary,0040003040012450,1
2774,,Ternary,1000500203043000,4
2775,,Ternary,0000100404033501,2
2776,,Ternary,1403304025044102,3
2777,,Ternary,3040105420000020,3
2778,,Ternary,1003230040050201,2
2779,,Ternary,0300250001004000,4
2780,,Ternary,0002104534012010,3
2781,,Ternary,1003015220403210,3
2782,,Ternary,2000010045300304,2
2783,,Ternary,1043040000002530,1
2784,,Ternary,3100501020000002,4
2785,,Ternary,1000501400003240,2
2786,,Ternary,4000014203002510,4
2787,,Ternary,0030032104001050,4
2788,,Ternary,0040230400301053,2
2789,,Ternary,1053203400204002,4
2790,,Ternary,2010320500040002,1
2791,,Ternary,1000040000030215,4
2792,,Ternary,3100500120000023,4
2793,,Ternary,3004001320015042,1
2794,,Ternary,3104000024305043,1
2795,,Ternary,2050123000000410,4
2796,,Ternary,1203501230000004,4
2797,,Ternary,1400400203415210,3
2798,,Ternary,4010310500000032,4
2799,,Ternary,4023140000413510,2
2800,,Ternary,4025000000031000,1
2801,,Ternary,0012020325300124,4
2802,,Ternary,2000020054030002,1
2803,,Ternary,0543100002300000,1
2804,,Ternary,0051304003041423,3
2805,,Ternary,1200053400200000,1
2806,,Ternary,0103103020400452,1
2807,,Ternary,0300401504003002,3
2808,,Ternary,2450000000004010,3
2809,,Ternary,0513000010000430,2
2810,,Ternary,0001310052404000,1
2811,,Ternary,4300052100000104,4
2812,,Ternary,1302401321003520,4
2813,,Ternary,3540200441000000,2
2814,,Ternary,1002503020000104,4
2815,,Ternary,0310020104054132,3
2816,,Ternary,2003054240301320,1
2817,,Ternary,4503100002000000,1
2818,,Ternary,5340100400203002,2
2819,,Ternary,0352020000430000,1
2820,,Ternary,2100023403150420,2
2821,,Ternary,1043503400100000,2
2822,,Ternary,3001031450321423,4
2823,,Ternary,2300401500040002,3
2824,,Ternary,2350024000230402,1
2825,,Ternary,4305200102000004,2
2826,,Ternary,4050002000030010,3
2827,,Ternary,0302010000304510,2
2828,,Ternary,0040031401520003,3
2829,,Ternary,0003041500400000,2
2830,,Ternary,0020015023003040,3
2831,,Ternary,4305000210300010,1
2832,,Ternary,0000102024004051,3
2833,,Ternary,0010540010003000,2
2834,,Ternary,1002001040350000,1
2835,,Ternary,3502000001030200,4
2836,,Ternary,0403000020154030,4
2837,,Ternary,0030004010040250,1
2838,,Ternary,1540031000320400,2
2839,,Ternary,4000010003005013,2
2840,,Ternary,0324000120053000,3
2841,,Ternary,1305340000044000,2
2842,,Ternary,1423405023103201,3
2843,,Ternary,3000130050020010,4
2844,,Ternary,1302000401200435,1
2845,,Ternary,4000100053000010,2
2846,,Ternary,1305000400133000,2
2847,,Ternary,0421120020344052,1
2848,,Ternary,3020001020000053,4
2849,,Ternary,0431300003254213,4
2850,,Ternary,0124000000301053,4
2851,,Ternary,0042250300300100,4
2852,,Ternary,0000124023004502,1
2853,,Ternary,1520000003003000,4
2854,,Ternary,4500100203013124,2
2855,,Ternary,3000000320154000,4
2856,,Ternary,0003000000300452,1
2857,,Ternary,3200501440000000,2
2858,,Ternary,0020200000001053,4
2859,,Ternary,5100200400004000,3
2860,,Ternary,0000405020300120,1
2861,,Ternary,1043210543003021,4
2862,,Ternary,1520000020400402,3
2863,,Ternary,3240031441021053,2
2864,,Ternary,0051000441300420,4
2865,,Ternary,0541200003000000,2
2866,,Ternary,3001102050020030,4
2867,,Ternary,1520400224033200,3
2868,,Ternary,1023403203000251,4
2869,,Ternary,2051000403400000,3
2870,,Ternary,0120054020000300,2
2871,,Ternary,3000100053020000,4
2872,,Ternary,0301000000044510,2
2873,,Ternary,1020320123050000,4
2874,,Ternary,0030010020504213,4
2875,,Ternary,4132530420100040,1
2876,,Ternary,3021004000001050,3
2877,,Ternary,0002100400153000,3
2878,,Ternary,3510000000030200,4
2879,,Ternary,1003231002500040,3
2880,,Ternary,0032030125400000,1
2881,,Ternary,4000100500020304,3
2882,,Ternary,0001200530400004,3
2883,,Ternary,1350320000200031,4
2884,,Ternary,3054100220000013,2
2885,,Ternary,0300000224054003,1
2886,,Ternary,3120531020310243,4
2887,,Ternary,4300501200001004,3
2888,,Ternary,5400200000003004,1
2889,,Ternary,0020300000014150,3
2890,,Ternary,4052020000300000,1
2891,,Ternary,0003123420405410,3
2892,,Ternary,1000054123000000,2
2893,,Ternary,1000320500000004,1
2894,,Ternary,0043203043050001,2
2895,,Ternary,4020541020040000,3
2896,,Ternary,1500020003004000,4
2897,,Ternary,0000000320050021,4
2898,,Ternary,3001504020040200,1
2899,,Ternary,0012003000000450,2
2900,,Ternary,0000120034010510,3
2901,,Ternary,0001000400203005,2
2902,,Ternary,3001040320004015,2
2903,,Ternary,2301021001541432,2
2904,,Ternary,0305000010020004,1
2905,,Ternary,4500000003020100,2
2906,,Ternary,0251001300321000,4
2907,,Ternary,1403000253403010,2
2908,,Ternary,0020530020014200,1
2909,,Ternary,4000002521430034,1
2910,,Ternary,5043000143002100,1
2911,,Ternary,0002010510040000,3
2912,,Ternary,2300020441030015,2
2913,,Ternary,1000003121500402,4
2914,,Ternary,5010300102002000,4
2915,,Ternary,0302005400304013,2
2916,,Ternary,1300001020015003,4
2917,,Ternary,2000000450231000,4
2918,,Ternary,3001035220004210,4
2919,,Ternary,1025000000040002,3
2920,,Ternary,0301000020005034,1
2921,,Ternary,0000030420054013,1
2922,,Ternary,0352000020004213,4
2923,,Ternary,1025300020040030,3
2924,,Ternary,0105300400200402,3
2925,,Ternary,0125401300300000,4
2926,,Ternary,0000100440305003,2
2927,,Ternary,4031000323103052,4
2928,,Ternary,0000231041050023,2
2929,,Ternary,1003000423005030,4
2930,,Ternary,1300200000035004,3
2931,,Ternary,5031300400002413,4
2932,,Ternary,0100400504010042,3
2933,,Ternary,0300100500020004,3
2934,,Ternary,0004401500003002,3
2935,,Ternary,4013003030250041,4
2936,,Ternary,3041531041020423,2
2937,,Ternary,3501020001004000,4
2938,,Ternary,5001000220004003,3
2939,,Ternary,4510000002033000,3
2940,,Ternary,3020000451004010,2
2941,,Ternary,1030230400235041,3
2942,,Ternary,2000503403000400,1
2943,,Ternary,0300042100544010,3
2944,,Ternary,0030230500030201,4
2945,,Ternary,0054041332014032,2
2946,,Ternary,0003520400001030,3
2947,,Ternary,2431304503040210,2
2948,,Ternary,1500302003002400,2
2949,,Ternary,3504201302301042,1
2950,,Ternary,0001000030454210,2
2951,,Ternary,1020410220133250,4
2952,,Ternary,1000001041500020,3
2953,,Ternary,4001503020100100,1
2954,,Ternary,1300013020000540,2
2955,,Ternary,1000235001230240,1
2956,,Ternary,0040003403001053,2
2957,,Ternary,3002541040300000,2
2958,,Ternary,1340302452030400,4
2959,,Ternary,4020503000101003,2
2960,,Ternary,0342400000003105,4
2961,,Ternary,0001300500042000,2
2962,,Ternary,1003203403103450,2
2963,,Ternary,0300450100021000,2
2964,,Ternary,3150004000014003,2
2965,,Ternary,0304003020100052,4
2966,,Ternary,4300100520430012,4
2967,,Ternary,1020401520310042,3
2968,,Ternary,2403024500204102,1
2969,,Ternary,2431320453400100,1
2970,,Ternary,0003350442000040,1
2971,,Ternary,4000000053103000,2
2972,,Ternary,4250340000000034,1
2973,,Ternary,0100130050304003,2
2974,,Ternary,3042040015300000,2
2975,,Ternary,0030400052003000,1
2976,,Ternary,0002100054003000,2
2977,,Ternary,1003300001002504,3
2978,,Ternary,5001231441320403,3
2979,,Ternary,0312500420001000,3
2980,,Ternary,1342040000044510,2
2981,,Ternary,0352003400401000,1
2982,,Ternary,2450000413424013,3
2983,,Ternary,4010000400200253,4
2984,,Ternary,0342015040000020,3
2985,,Ternary,1302040120004510,2
2986,,Ternary,0340120501030000,4
2987,,Ternary,0321301020450402,3
2988,,Ternary,4301024320005410,3
2989,,Ternary,4302324020341053,2
2990,,Ternary,5041200043000020,3
2991,,Ternary,4102000020045003,1
2992,,Ternary,5203001000004002,1
2993,,Ternary,1002200041050000,3
2994,,Ternary,0003001023050004,1
2995,,Ternary,1000320005030401,1
2996,,Ternary,0000104500014012,3
2997,,Ternary,5400100000303000,2
2998,,Ternary,0024201042315100,3
2999,,Ternary,0320000101402503,4
